SECID;SHORTNAME;NAME;TYPENAME;ISIN;REGNUMBER;LISTLEVEL;FACEVALUE;FACEUNIT;ISSUESIZE;IS_COLLATERAL;IS_EXTERNAL;PRIMARY_BOARDID;PRIMARY_BOARD_TITLE;IS_RII;ISSUEDATE;EVENINGSESSION;MORNINGSESSION;IS_QUALIFIED_INVESTORS;HIGH_RISK;REGISTRYCLOSEDATE;DIVIDENDVALUE;DIVIDENDYIELD;REGISTRYCLOSETYPE;SECURITYCAPITALIZATION;EMITENTCAPITALIZATION;EMITENTNAME;INN;LOTSIZE;PRICE;PRICE_RUB;RTL1;RTH1;RTL2;RTH2;RTL3;RTH3;DISCOUNT1;LIMIT1;DISCOUNT2;LIMIT2;DISCOUNT3;DISCOUNTL0;DISCOUNTH0;FULLCOVERED
ABRD;АбрауДюрсо;Абрау-Дюрсо ПАО ао;Акции обыкновенные;RU000A0JS5T7;1-02-12500-A;3;1,0;RUB;98000184;0;0;TQBR;Т+: Акции и ДР - безадрес.;;02.10.2012;0;0;0;0;2022-07-08;;;закрытие реестра;24500046000.0;24500046000.0;"Публичное акционерное общество ""Абрау – Дюрсо""";7727620673;10;249,723;249,723;124,862;374,585;62,431;437,015;12,486;486,96;50,0;49401;75,0;247005;95,0;9,11000;14,47000;1
ACKO;АСКО ао;АСКО ПАО ао;Акции обыкновенные;RU000A0JXS91;1-01-52065-Z;3;1,0;RUB;536000000;0;0;TQBR;Т+: Акции и ДР - безадрес.;;11.07.2017;0;0;0;0;2020-07-14;;;закрытие реестра;1918880000.0;1918880000.0;"Публичное акционерное общество ""АСКО""";7453297458;100;3,5772;3,5772;0,0;7,1544;0,0;7,1544;0,0;7,1544;100,0;;;;;21,21000;44,08000;1
AFKS;Система ао;"АФК ""Система"" ПАО ао";Акции обыкновенные;RU000A0DQZE3;1-05-01669-A;1;0,09;RUB;9650000000;0;0;TQBR;Т+: Акции и ДР - безадрес.;;12.12.2007;1;1;0;0;2021-07-15;0.31;0.0103;закрытие реестра;143128800000.0;143128800000.0;"Публичное акционерное общество ""Акционерная финансовая корпорация ""Система""";7703104630;100;14,93;14,93;7,465;22,395;6,5692;23,2908;5,5241;24,3359;50,0;5975432;56,0;29877160;63,0;10,69000;8,20000;0
AFLT;Аэрофлот;Аэрофлот-росс.авиалин(ПАО)ао;Акции обыкновенные;RU0009062285;1-01-00010-A;1;1,0;RUB;3975771215;0;0;TQBR;Т+: Акции и ДР - безадрес.;;13.02.2004;1;1;0;0;2019-07-05;2.6877;0.0244;закрытие реестра;147580627500.8;147580627500.8;"Публичное акционерное общество ""Аэрофлот – российские авиалинии""";7712040126;10;37,254;37,254;18,627;55,881;16,392;58,116;13,784;60,724;50,0;2375879;56,0;11879395;63,0;7,25000;13,94000;0
AKRN;Акрон;Акрон ПАО ао;Акции обыкновенные;RU0009028674;1-03-00207-A;2;5,0;RUB;36757156;0;0;TQBR;Т+: Акции и ДР - безадрес.;;11.10.2006;0;0;0;0;2022-03-09;;;закрытие реестра;698385964000.0;698385964000.0;"Публичное акционерное общество ""Акрон""";5321029508;1;18958,08;18958,08;0,0;37916,16;0,0;37916,16;0,0;37916,16;100,0;;;;;7,74000;8,64000;1
ALRS;АЛРОСА ао;АЛРОСА ПАО ао;Акции обыкновенные;RU0007252813;1-03-40046-N;1;0,5;RUB;7364965630;1;0;TQBR;Т+: Акции и ДР - безадрес.;;29.11.2011;1;1;0;0;2021-10-19;8.79;0.0668;закрытие реестра;477176123167.7001;477176123167.7001;"Акционерная компания ""АЛРОСА"" (публичное акционерное общество)";1433000147;10;64,736;64,736;45,315;84,157;41,431;88,041;36,9;92,572;30,0;4064751;36,0;20323755;43,0;9,38000;6,40000;0
AMEZ;АшинскийМЗ; Ашинский метзавод ПАО ао;Акции обыкновенные;RU000A0B88G6;1-03-45219-D;2;1,0;RUB;498454822;0;0;TQBR;Т+: Акции и ДР - безадрес.;;28.08.2008;0;0;0;0;;;;;38136778431.22;38136778431.22;"Публичное акционерное общество ""Ашинский металлургический завод""";7401000473;100;76,4251;76,4251;0,0;152,8502;0,0;152,8502;0,0;152,8502;100,0;;;;;12,41000;39,34000;1
APTK;Аптеки36и6;"ПАО ""Аптечная сеть 36,6"" ао";Акции обыкновенные;RU0008081765;1-01-07335-A;2;0,64;RUB;7630433826;0;0;TQBR;Т+: Акции и ДР - безадрес.;;21.12.2005;0;0;0;0;;;;;94922596795.44;94922596795.44;"Публичное акционерное общество ""Аптечная сеть 36,6""";7722266450;10;12,428;12,428;3,728;21,128;2,486;22,37;0,621;24,235;70,0;733676;80,0;3668380;95,0;4,67000;4,29000;1
AQUA;ИНАРКТИКА;ПАО ИНАРКТИКА;Акции обыкновенные;RU000A0JQTS3;1-01-04461-D;2;100,0;RUB;87876649;0;0;TQBR;Т+: Акции и ДР - безадрес.;;16.04.2010;0;0;0;0;2022-12-18;;;закрытие реестра;50045751605.5;50045751605.5;"Публичное  акционерное общество ""ИНАРКТИКА""";7816430057;1;568,868;568,868;381,142;756,594;284,434;853,302;142,217;995,519;33,0;16399;50,0;81995;75,0;11,26000;7,70000;0
ARSA;Арсагера;УК Арсагера ПАО-ао;Акции обыкновенные;RU000A0JP0Q7;1-01-03163-D;3;1,0;RUB;123817165;0;0;TQBR;Т+: Акции и ДР - безадрес.;;07.04.2008;0;0;0;0;2021-07-05;;;закрытие реестра;777571796.2;777571796.2;"публичное акционерное общество ""Управляющая компания ""Арсагера""";7840303927;100;6,27303;6,27303;0,0;12,54606;0,0;12,54606;0,0;12,54606;100,0;;;;;7,07000;10,09000;1
ASSB;АстрЭнСб;"""Астраханская ЭСК"" ПАО";Акции обыкновенные;RU000A0D8MM8;1-01-55064-E;3;0,007;RUB;773900078;0;0;TQBR;Т+: Акции и ДР - безадрес.;;16.09.2005;0;0;0;0;2020-07-13;;;закрытие реестра;879150488.6079999;879150488.6079999;"Публичное акционерное общество ""Астраханская энергосбытовая компания""";3017041554;1000;1,13474;1,13474;0,0;2,26948;0,0;2,26948;0,0;2,26948;100,0;;;;;11,24000;36,72000;1
AVAN;Авангрд-ао;"АКБ ""АВАНГАРД"" ПАО ао";Акции обыкновенные;RU000A0DM7B3;10102879B;3;10,0;RUB;80700000;0;0;TQBR;Т+: Акции и ДР - безадрес.;;09.07.2012;0;0;0;0;2023-05-22;;;закрытие реестра (рекомендуемая);85542000000.0;85542000000.0;"Акционерный Коммерческий банк ""АВАНГАРД"" - публичное акционерное общество";7702021163;1;1053,83;1053,83;0,0;2107,66;0,0;2107,66;0,0;2107,66;100,0;;;;;10,58000;22,96000;1
BANE;Башнефт ао;Башнефть АНК ао;Акции обыкновенные;RU0007976957;1-01-00013-A;3;1,0;RUB;147846489;0;0;TQBR;Т+: Акции и ДР - безадрес.;;18.11.2011;0;0;0;0;2022-07-11;;;закрытие реестра;200627685573.0;234481761211.0;"Публичное акционерное общество ""Акционерная нефтяная Компания ""Башнефть""";0274051582;1;1357,0;1357,0;678,5;2035,5;339,25;2374,75;67,85;2646,15;50,0;6250;75,0;31250;95,0;9,68000;8,07000;0
BELU;Белуга ао;Белуга Групп ПАО ао;Акции обыкновенные;RU000A0HL5M1;1-01-55052-E;1;100,0;RUB;15800000;0;0;TQBR;Т+: Акции и ДР - безадрес.;;20.11.2007;1;0;0;0;2023-04-26;;;закрытие реестра;62931400000.0;62931400000.0;"Публичное акционерное общество ""Белуга Групп""";7705634425;1;3987,57;3987,57;1993,79;5981,36;1754,53;6220,61;1475,4;6499,74;50,0;3574;56,0;17870;63,0;9,19000;9,73000;0
BLNG;Белон ао;Белон ОАО ао;Акции обыкновенные;RU000A0J2QG8;1-06-10167-F;3;0,01;RUB;1150000000;0;0;TQBR;Т+: Акции и ДР - безадрес.;;16.01.2009;0;0;0;0;;;;;26933000000.000004;26933000000.000004;"Открытое акционерное общество ""Белон""";5410102823;100;23,394;23,394;0,0;46,788;0,0;46,788;0,0;46,788;100,0;;;;;21,70000;48,77000;1
BRZL;БурЗолото;Бурятзолото ПАО ао;Акции обыкновенные;RU0009288658;1-06-20577-F;3;0,025;RUB;7027270;0;0;TQBR;Т+: Акции и ДР - безадрес.;;09.12.2011;0;0;0;0;;;;;8664623910.0;8664623910.0;"Публичное акционерное общество ""Бурятзолото""";0323027345;1;1231,63;1231,63;0,0;2463,26;0,0;2463,26;0,0;2463,26;100,0;;;;;11,38000;11,98000;1
BSPB;БСП ао;"ПАО ""Банк ""Санкт-Петербург"" ао";Акции обыкновенные;RU0009100945;10300436B;1;1,0;RUB;475554232;0;0;TQBR;Т+: Акции и ДР - безадрес.;;19.03.2008;0;0;0;0;2023-05-10;;;закрытие реестра;79893110976.0;80438825976.0;"ПУБЛИЧНОЕ АКЦИОНЕРНОЕ ОБЩЕСТВО ""БАНК ""САНКТ-ПЕТЕРБУРГ""";7831000027;10;167,83;167,83;88,95;246,71;60,419;275,241;18,461;317,199;47,0;155618;64,0;778090;89,0;8,36000;16,43000;0
CBOM;МКБ ао;"""МКБ"" ПАО ао";Акции обыкновенные;RU000A0JUG31;10101978B;1;1,0;RUB;33429709866;0;0;TQBR;Т+: Акции и ДР - безадрес.;;22.06.2015;1;1;0;0;2019-06-07;0.11;0.0184;закрытие реестра;219532904690.022;219532904690.022;"""МОСКОВСКИЙ КРЕДИТНЫЙ БАНК"" (публичное акционерное общество)";7734202860;100;6,6846;6,6846;4,0108;9,3584;2,8744;10,4948;1,2032;12,166;40,0;13120769;57,0;65603845;82,0;5,49000;5,57000;0
CHGZ;РН-ЗапСиб;РН-Западная Сибирь ПАО ао;Акции обыкновенные;RU0009082291;1-01-00185-A;3;0,1;RUB;26771420;0;0;TQBR;Т+: Акции и ДР - безадрес.;;14.12.2011;0;0;0;0;;;;;1204713900.0;1204713900.0;"Публичное акционерное общество ""РН-Западная Сибирь""";8620003528;10;44,95;44,95;0,0;89,9;0,0;89,9;0,0;89,9;100,0;;;;;8,89000;10,79000;1
CHKZ;ЧКПЗ ао;"""ЧКПЗ"" ПАО ао";Акции обыкновенные;RU000A0JNST0;1-03-45058-D;3;200,0;RUB;600216;0;0;TQBR;Т+: Акции и ДР - безадрес.;;12.12.2008;0;0;0;0;2022-03-21;;;закрытие реестра;7532710800.0;7532710800.0;"Публичное акционерное общество ""Челябинский кузнечно-прессовый завод""";7449006184;1;12486,13;12486,13;0,0;24972,26;0,0;24972,26;0,0;24972,26;100,0;;;;;12,41000;56,28000;1
CHMF;СевСт-ао;Северсталь (ПАО)ао;Акции обыкновенные;RU0009046510;1-02-00143-A;1;0,01;RUB;837718660;1;0;TQBR;Т+: Акции и ДР - безадрес.;;02.06.2005;1;1;0;0;2022-05-31;109.81;0.1126;;799686232836.0;799686232836.0;"Публичное акционерное общество ""Северсталь""";3528000597;1;958,19;958,19;718,64;1197,74;661,15;1255,23;594,08;1322,3;25,0;302859;31,0;1514295;38,0;6,43000;8,25000;0
CHMK;ЧМК ао;"""ЧМК"" ПАО ао";Акции обыкновенные;RU0007665170;1-01-00080-A;3;1,0;RUB;3161965;0;0;TQBR;Т+: Акции и ДР - безадрес.;;12.12.2008;0;0;0;0;;;;;18608164025.0;18608164025.0;"Публичное акционерное общество ""Челябинский металлургический комбинат""";7450001007;1;5878,47;5878,47;2939,24;8817,71;1469,62;10287,32;293,92;11463,02;50,0;2081;75,0;10405;95,0;11,16000;24,42000;1
CNTL;Телеграф;"""Центральный Телеграф"" ПАО ао";Акции обыкновенные;RU0007665147;1-03-00327-A;3;1,0;RUB;166167000;0;0;TQBR;Т+: Акции и ДР - безадрес.;;12.12.2008;0;0;0;0;2022-07-04;;;закрытие реестра;2452624920.0;3170466360.0;"Публичное акционерное общество ""Центральный телеграф""";7710146208;100;14,7436;14,7436;0,0;29,4872;0,0;29,4872;0,0;29,4872;100,0;;;;;12,35000;22,81000;1
DIOD;ЗаводДИОД;Завод ДИОД ПАО ао;Акции обыкновенные;RU000A0JQWC1;1-03-06923-A;3;0,01;RUB;91500000;0;0;TQBR;Т+: Акции и ДР - безадрес.;;09.06.2010;0;0;0;0;2022-07-04;;;закрытие реестра;1033950000.0000001;1033950000.0000001;"Публичное акционерное общество Завод экологической техники и экопитания ""ДИОД""";7725024805;100;11,2875;11,2875;0,0;22,575;0,0;22,575;0,0;22,575;100,0;;;;;8,94000;21,35000;1
DSKY;ДетскийМир;ПАО Детский мир;Акции обыкновенные;RU000A0JSQ90;1-02-00844-A;1;0,0004;RUB;739000000;0;0;TQBR;Т+: Акции и ДР - безадрес.;;10.02.2017;1;1;0;0;2021-12-26;5.2;0.0419;закрытие реестра;50207660000.0;50207660000.0;"Публичное акционерное общество ""Детский мир""";7729355029;10;67,96;67,96;33,98;101,94;29,902;106,018;25,145;110,775;50,0;547261;56,0;2736305;63,0;20,83000;11,94000;0
DVEC;ДЭК ао;"""ДЭК"" ПАО ао";Акции обыкновенные;RU000A0JP2W1;1-01-55275-E;3;1,0;RUB;17223107804;0;0;TQBR;Т+: Акции и ДР - безадрес.;;13.12.2007;0;0;0;0;;;;;26144677646.472;26144677646.472;"Публичное акционерное общество ""Дальневосточная энергетическая компания""";2723088770;1000;1,51432;1,51432;0,0;3,02864;0,0;3,02864;0,0;3,02864;100,0;;;;;12,29000;12,52000;1
DZRD;ДонскЗР;Донской завод радиодеталей ао;Акции обыкновенные;RU000A0JQW11;1-01-02677-A;3;1,0;RUB;343407;0;0;TQBR;Т+: Акции и ДР - безадрес.;;30.12.2010;0;0;0;0;2023-06-15;;;закрытие реестра (рекомендуемая);958105530.0;1223673610.0;"Открытое акционерное общество ""Донской завод радиодеталей""";7114001610;1;2786,9;2786,9;0,0;5573,8;0,0;5573,8;0,0;5573,8;100,0;;;;;11,43000;15,60000;1
EELT;ЕвроЭлтех;"""ЕвропЭлектротехника"" ПАО ао";Акции обыкновенные;RU000A0JWW54;1-01-83993-H;3;1,0;RUB;610000000;0;0;TQBR;Т+: Акции и ДР - безадрес.;;07.09.2017;0;0;0;0;2022-10-12;;;закрытие реестра;7429800000.0;7429800000.0;"Публичное акционерное общество ""Европейская Электротехника""";7716814300;10;12,166;12,166;0,0;24,332;0,0;24,332;0,0;24,332;100,0;;;;;7,58000;15,39000;1
ELFV;ЭЛ5Энер ао;"""ЭЛ5-Энерго"" ПАО";Акции обыкновенные;RU000A0F5UN3;1-01-50077-A;1;1,0;RUB;35371898370;0;0;TQBR;Т+: Акции и ДР - безадрес.;;01.12.2014;0;0;0;0;2020-07-09;;;закрытие реестра;19737519290.460003;19737519290.460003;"Публичное акционерное общество ""ЭЛ5-Энерго""";6671156423;1000;0,55738;0,55738;0,37344;0,74132;0,27869;0,83607;0,13935;0,97542;33,0;12227875;50,0;61139375;75,0;9,66000;12,91000;0
ELTZ;Электрцинк;Электроцинк ПАО ао;Акции обыкновенные;RU000A0B66V1;1-02-30394-E;3;1,0;RUB;1404308;0;0;TQBR;Т+: Акции и ДР - безадрес.;;14.10.2008;0;0;0;0;;;;;567340432.0;567340432.0;"Публичное акционерное общество ""Электроцинк""";1500000113;1;405,05;405,05;0,0;810,1;0,0;810,1;0,0;810,1;100,0;;;;;17,11000;56,25000;1
FEES;Россети;"""ФСК - Россети"" ПАО";Акции обыкновенные;RU000A0JPNN9;1-01-65018-D;1;0,5;RUB;2113460101477;0;0;TQBR;Т+: Акции и ДР - безадрес.;;16.07.2008;1;1;0;0;2021-07-16;0.016132865449;0.0778;закрытие реестра;217263698431.8356;217263698431.8356;"Публичное акционерное общество ""Федеральная сетевая компания - Россети""";4716016979;10000;0,104043;0,104043;0,07283;0,135256;0,066588;0,141498;0,059305;0,148781;30,0;206809375;36,0;1034046875;43,0;10,79000;19,37000;0
FESH;ДВМП ао;ДВ морское пароходство ПАО ао;Акции обыкновенные;RU0008992318;1-03-00032-A;2;1,0;RUB;2951250000;0;0;TQBR;Т+: Акции и ДР - безадрес.;;28.08.2008;1;0;0;0;;;;;134045775000.0;134045775000.0;"Публичное акционерное общество ""Дальневосточное морское пароходство""";2540047110;100;45,4295;45,4295;13,6289;77,2302;9,0859;81,7731;2,2715;88,5875;70,0;431644;80,0;2158220;95,0;12,17000;21,78000;0
FLOT;Совкомфлот;Совкомфлот ао;Акции обыкновенные;RU000A0JXNU8;1-01-10613-A;1;1,0;RUB;2374993901;0;0;TQBR;Т+: Акции и ДР - безадрес.;;07.10.2020;1;0;0;0;2021-07-05;;;закрытие реестра;134519654552.64;134519654552.64;"Публичное акционерное общество ""Современный коммерческий флот""";7702060116;10;57,38;57,38;38,445;76,315;35,002;79,758;30,985;83,775;33,0;192060;39,0;960300;46,0;8,50000;11,64000;0
GAZA;ГАЗ ао;ГАЗ ПАО ао;Акции обыкновенные;RU0009034268;1-01-00029-A;3;1,0;RUB;18520260;0;0;TQBR;Т+: Акции и ДР - безадрес.;;16.12.2011;0;0;0;0;2021-07-19;;;закрытие реестра;11732584710.0;12310350960.0;"Публичное акционерное общество ""ГАЗ""";5200000046;10;632,797;632,797;0,0;1265,594;0,0;1265,594;0,0;1265,594;100,0;;;;;10,16000;22,89000;1
GAZC;ГАЗКОН-ао;ГАЗКОН (ПАО) ао;Акции обыкновенные;RU000A0JQG86;1-01-09870-A;3;10,0;RUB;225381601;0;0;TQBR;Т+: Акции и ДР - безадрес.;;28.09.2011;0;0;0;0;2022-12-25;;;закрытие реестра;73925165128.0;73925165128.0;"Публичное акционерное общество ""ГАЗКОН""";7726510759;10;350,865;350,865;0,0;701,73;0,0;701,73;0,0;701,73;100,0;;;;;21,21000;44,08000;1
GAZP;ГАЗПРОМ ао;"""Газпром"" (ПАО) ао";Акции обыкновенные;RU0007661625;1-02-00028-A;1;5,0;RUB;23673512900;1;0;TQBR;Т+: Акции и ДР - безадрес.;;23.01.2006;1;1;0;0;2022-10-11;51.03;0.3131;закрытие реестра;4073974834961.0;4073974834961.0;"Публичное акционерное общество ""Газпром""";7736050003;10;173,321;173,321;138,657;207,985;128,258;218,384;116,125;230,517;20,0;8781586;26,0;43907930;33,0;7,95000;10,42000;0
GAZS;ГАЗ-сервис;ГАЗ-сервис (ПАО) ао;Акции обыкновенные;RU000A0JQG78;1-01-09871-A;3;10,0;RUB;206508967;0;0;TQBR;Т+: Акции и ДР - безадрес.;;28.09.2011;0;0;0;0;2022-12-25;;;закрытие реестра;67734941176.0;67734941176.0;"Публичное акционерное общество ""ГАЗ-сервис""";7726510741;10;459,827;459,827;0,0;919,654;0,0;919,654;0,0;919,654;100,0;;;;;21,21000;44,08000;1
GAZT;ГАЗ-Тек ао;ГАЗ-Тек ПАО ао;Акции обыкновенные;RU000A0JS199;1-01-12996-A;3;100,0;RUB;471428300;0;0;TQBR;Т+: Акции и ДР - безадрес.;;26.01.2012;0;0;0;0;2022-12-25;;;закрытие реестра;41721404550.0;41721404550.0;"Публичное акционерное общество ""ГАЗ-Тек""";7705821841;10;223,41;223,41;0,0;446,82;0,0;446,82;0,0;446,82;100,0;;;;;31,87000;100,00000;1
GCHE;ЧеркизГ-ао;Группа Черкизово ПАО-ао;Акции обыкновенные;RU000A0JL4R1;1-02-10797-A;3;0,01;RUB;42222042;0;0;TQBR;Т+: Акции и ДР - безадрес.;;08.04.2008;0;0;0;0;2021-10-03;;;закрытие реестра;128397229722.0;128397229722.0;"Публичное акционерное общество ""Группа Черкизово""";7718560636;1;3038,12;3038,12;2035,54;4040,7;1519,06;4557,18;759,53;5316,71;33,0;2824;50,0;14120;75,0;7,49000;5,81000;1
GECO;iГЕНЕТИКО;ЦГРМ ГЕНЕТИКО ао;Акции обыкновенные;RU000A105BN4;1-01-87198-H;3;0,01;RUB;83000000;0;0;TQBR;Т+: Акции и ДР - безадрес.;R;25.04.2023;0;0;0;0;;;;;2672600000.0;2672600000.0;"Публичное акционерное общество ""Центр Генетики и Репродуктивной Медицины ""ГЕНЕТИКО""";9731078633;10;32,164;32,164;0,0;64,328;0,0;64,328;0,0;64,328;100,0;;;;;31,15000;56,49000;1
GEMA;iММЦБ ао;ПАО ММЦБ ао;Акции обыкновенные;RU000A100GC7;1-01-85932-H;3;0,1;RUB;1492992;0;0;TQBR;Т+: Акции и ДР - безадрес.;R;25.07.2019;0;0;0;0;2022-10-17;;;закрытие реестра;1319058432.0;1319058432.0;"Публичное акционерное общество  ""Международный Медицинский Центр Обработки и Криохранения Биоматериалов""";7736317497;1;883,52;883,52;0,0;1767,04;0,0;1767,04;0,0;1767,04;100,0;;;;;8,60000;7,10000;1
GMKN;ГМКНорНик;"ГМК ""Нор.Никель"" ПАО ао";Акции обыкновенные;RU0007288411;1-01-40155-F;1;1,0;RUB;152863397;1;0;TQBR;Т+: Акции и ДР - безадрес.;;26.12.2006;1;1;0;0;2022-06-14;1166.22;0.0611;закрытие реестра;2193895473744.0;2193895473744.0;"Публичное акционерное общество ""Горно-металлургическая компания ""Норильский никель""";8401005730;1;14408,46;14408,46;11526,77;17290,15;10662,26;18154,66;9653,67;19163,25;20,0;45702;26,0;228510;33,0;6,43000;6,86000;0
GTRK;ГТМ ао;"ПАО ""ГТМ"" ао";Акции обыкновенные;RU000A0ZYD22;1-01-84907-H;3;100,0;RUB;58462120;0;0;TQBR;Т+: Акции и ДР - безадрес.;;03.11.2017;0;0;0;0;2019-06-30;;;закрытие реестра;4332043092.0;4332043092.0;"Публичное акционерное общество ""ГЛОБАЛТРАК МЕНЕДЖМЕНТ""";9701082537;10;74,068;74,068;37,034;111,102;18,517;129,619;3,703;144,433;50,0;168981;75,0;844905;95,0;10,50000;26,58000;1
HYDR;РусГидро;"ПАО ""РусГидро""";Акции обыкновенные;RU000A0JPKH7;1-01-55038-E;1;1,0;RUB;439288905849;1;0;TQBR;Т+: Акции и ДР - безадрес.;;22.05.2008;1;1;0;0;2022-07-10;0.05304937;0.0661;закрытие реестра;349586111274.63416;349586111274.63416;"Публичное акционерное общество ""Федеральная гидрогенерирующая компания - РусГидро""";2460066195;1000;0,79645;0,79645;0,59734;0,99556;0,54955;1,04335;0,4938;1,0991;25,0;70167094;31,0;350835470;38,0;4,19000;6,44000;0
IGST;Ижсталь2ао;Ижсталь ПАО ао 2в.;Акции обыкновенные;RU0002155292;1-02-30078-D;3;1000,0;RUB;800729;0;0;TQBR;Т+: Акции и ДР - безадрес.;;08.12.2011;0;0;0;0;;;;;3681751942.0;4622342782.0;"Публичное акционерное общество ""Ижсталь""";1826000655;1;4592,9;4592,9;0,0;9185,8;0,0;9185,8;0,0;9185,8;100,0;;;;;8,43000;22,73000;1
INGR;ИНГРАД ао;ИНГРАД ПАО ао;Акции обыкновенные;RU000A0DJ9B4;1-01-50020-A;3;1000,0;RUB;41220793;0;0;TQBR;Т+: Акции и ДР - безадрес.;;30.03.2020;0;0;0;0;2021-07-18;;;закрытие реестра;59151837955.0;59151837955.0;"Публичное акционерное общество ""ИНГРАД""";7702336269;1;1433,41;1433,41;0,0;2866,82;0,0;2866,82;0,0;2866,82;100,0;;;;;7,87000;7,28000;1
IRAO;ИнтерРАОао;"""Интер РАО"" ПАО ао";Акции обыкновенные;RU000A0JPNM1;1-04-33498-E;1;2,80977;RUB;104400000000;1;0;TQBR;Т+: Акции и ДР - безадрес.;;01.12.2009;1;1;0;0;2023-05-30;0.28365531801897;0.0712;закрытие реестра (рекомендуемая);413580600000.0;413580600000.0;"Публичное акционерное общество ""Интер РАО ЕЭС""";2320109650;100;3,9915;3,9915;2,7941;5,189;2,5546;5,4284;2,2752;5,7078;30,0;32173347;36,0;160866735;43,0;6,92000;5,22000;0
IRKT;ИРКУТ-3;"Корпорация""ИРКУТ"" ПАО ак.об.-3";Акции обыкновенные;RU0006752979;1-03-00040-A;3;3,0;RUB;2085163865;0;0;TQBR;Т+: Акции и ДР - безадрес.;;11.01.2005;0;0;0;0;2018-07-17;1.14;0.0475;;118228791145.5;118228791145.5;"Публичное акционерное общество ""Научно-производственная корпорация ""Иркут""";3807002509;100;56,7869;56,7869;0,0;113,5738;0,0;113,5738;0,0;113,5738;100,0;;;;;10,47000;13,76000;1
ISKJ;iИСКЧ ао;"ПАО ""ИСКЧ""";Акции обыкновенные;RU000A0JNAB6;1-01-08902-A;3;0,1;RUB;92645451;0;0;TQBR;Т+: Акции и ДР - безадрес.;R;23.05.2006;0;0;0;0;2016-06-30;;;закрытие реестра;9360896369.04;9360896369.04;"Публичное акционерное общество ""Институт Стволовых Клеток Человека""";7702508905;10;100,928;100,928;50,464;151,392;25,232;176,624;5,046;196,81;50,0;141135;75,0;705675;95,0;15,81000;19,77000;0
JNOS;Славн-ЯНОС;Славнефть-ЯНОС (ПАО) ао;Акции обыкновенные;RU0009100895;1-01-00199-A;3;1,0;RUB;932654723;0;0;TQBR;Т+: Акции и ДР - безадрес.;;14.10.2008;0;0;0;0;2022-07-15;;;закрытие реестра;21031364003.65;25271829593.010002;"Публичное акционерное общество ""Славнефть-Ярославнефтеоргсинтез""";7601001107;100;22,1754;22,1754;0,0;44,3508;0,0;44,3508;0,0;44,3508;100,0;;;;;10,01000;14,06000;1
KAZT;Куйбазот;Куйбышевазот ПАО ао;Акции обыкновенные;RU000A0B9BV2;1-01-00067-A;3;1,0;RUB;234147999;0;0;TQBR;Т+: Акции и ДР - безадрес.;;14.12.2011;0;0;0;0;2023-05-22;;;закрытие реестра (рекомендуемая);150510333757.19998;152938938199.19998;"Публичное акционерное общество ""КуйбышевАзот""";6320005915;10;642,286;642,286;0,0;1284,572;0,0;1284,572;0,0;1284,572;100,0;;;;;8,06000;8,94000;1
KBSB;ТНСэКубань;ТНС энерго Кубань ПАО ао;Акции обыкновенные;RU000A0JNJ11;1-01-55218-E;3;0,56;RUB;17869440;0;0;TQBR;Т+: Акции и ДР - безадрес.;;08.02.2008;0;0;0;0;2022-07-14;;;закрытие реестра;4342273920.0;4342273920.0;"Публичное акционерное общество ""ТНС энерго Кубань""";2308119595;10;242,73;242,73;0,0;485,46;0,0;485,46;0,0;485,46;100,0;;;;;11,66000;27,96000;1
KCHE;КамчатЭ ао;Камчатскэнерго ПАО ао;Акции обыкновенные;RU0006753498;1-02-00235-A;3;0,1;RUB;48746657782;0;0;TQBR;Т+: Акции и ДР - безадрес.;;14.03.2008;0;0;0;0;;;;;11016744658.732;11095461341.092001;"Публичное акционерное общество энергетики и электрификации ""Камчатскэнерго""";4100000668;10000;0,22475;0,22475;0,0;0,4495;0,0;0,4495;0,0;0,4495;100,0;;;;;12,21000;17,37000;1
KGKC;КурганГКао;Курганская генер.комп.ПАО ао;Акции обыкновенные;RU000A0JP120;1-01-55226-E;3;7,2;RUB;122453406;0;0;TQBR;Т+: Акции и ДР - безадрес.;;26.09.2012;0;0;0;0;2022-12-23;;;закрытие реестра;5730819400.799999;6398657013.599999;"Публичное акционерное общество ""Курганская генерирующая компания""";4501122913;10;46,548;46,548;0,0;93,096;0,0;93,096;0,0;93,096;100,0;;;;;8,54000;15,75000;1
KLSB;КалужскСК;"ао""Калужская сбыт.комп.""ПАО";Акции обыкновенные;RU000A0DKZK3;1-01-65057-D;3;0,2;RUB;91487347;0;0;TQBR;Т+: Акции и ДР - безадрес.;;26.08.2005;0;0;0;0;;;;;1620240915.3700001;1620240915.3700001;"Публичное акционерное общество ""Калужская сбытовая компания""";4029030252;100;17,5305;17,5305;5,2592;29,8019;3,5061;31,5549;0,8765;34,1845;70,0;849928;80,0;4249640;95,0;15,16000;28,16000;1
KMAZ;КАМАЗ;КАМАЗ ПАО;Акции обыкновенные;RU0008959580;1-08-55010-D;2;50,0;RUB;707229559;0;0;TQBR;Т+: Акции и ДР - безадрес.;;26.02.2004;0;0;0;0;2021-06-16;;;закрытие реестра;108489014350.6;108489014350.6;"Публичное акционерное общество ""КАМАЗ""";1650032058;10;153,23;153,23;0,0;306,46;0,0;306,46;0,0;306,46;100,0;;;;;10,52000;29,62000;1
KMEZ;КМЗ;Ковровский механический завод;Акции обыкновенные;RU0006753613;1-02-05376-A;3;250,0;RUB;3764600;0;0;TQBR;Т+: Акции и ДР - безадрес.;;07.09.2009;0;0;0;0;;;;;4555166000.0;4555166000.0;"публичное акционерное общество ""Ковровский механический завод""";3305004397;1;1208,66;1208,66;0,0;2417,32;0,0;2417,32;0,0;2417,32;100,0;;;;;11,69000;14,25000;1
KMTZ;КосогМЗ ао;Косогорский метал. завод ПАО;Акции обыкновенные;RU000A0HF1L0;1-01-03975-A;3;1,0;RUB;28416095;0;0;TQBR;Т+: Акции и ДР - безадрес.;;09.12.2011;0;0;0;0;2015-12-25;;;закрытие реестра;5910547760.0;5910547760.0;"Публичное акционерное общество ""Косогорский металлургический завод""";7104002774;10;208,768;208,768;0,0;417,536;0,0;417,536;0,0;417,536;100,0;;;;;12,10000;16,67000;1
KOGK;КоршГОК ао;Коршуновский ГОК ПАО ао;Акции обыкновенные;RU0002155359;1-01-20992-F;3;1,0;RUB;250126;0;0;TQBR;Т+: Акции и ДР - безадрес.;;28.08.2008;0;0;0;0;;;;;11355720400.0;11355720400.0;"Публичное акционерное общество ""Коршуновский горно-обогатительный комбинат""";3834002314;1;45349,62;45349,62;0,0;90699,24;0,0;90699,24;0,0;90699,24;100,0;;;;;10,08000;14,61000;1
KRKN;СаратНПЗ;Саратовский НПЗ ПАО ао;Акции обыкновенные;RU0009100408;1-01-00248-A;3;1,0;RUB;748012;0;0;TQBR;Т+: Акции и ДР - безадрес.;;08.12.2011;0;0;0;0;2021-08-11;;;закрытие реестра;8041129000.0;11536833740.0;"Публичное акционерное общество ""Саратовский нефтеперерабатывающий завод""";6451114900;1;10738,07;10738,07;0,0;21476,14;0,0;21476,14;0,0;21476,14;100,0;;;;;7,19000;12,96000;1
KROT;КрасОкт-ао;"""КрасныйОктябрь"" ПАО - ао";Акции обыкновенные;RU0008913850;1-02-00060-A;3;1,0;RUB;9217583;0;0;TQBR;Т+: Акции и ДР - безадрес.;;09.09.2003;0;0;0;0;2022-07-11;;;закрытие реестра;15826590011.0;16861723409.0;"Публичное акционерное общество ""Московская кондитерская фабрика ""Красный Октябрь""";7706043263;10;1711,099;1711,099;0,0;3422,198;0,0;3422,198;0,0;3422,198;100,0;;;;;31,15000;56,49000;1
KRSB;Красэсб ао;Красноярскэнергосбыт ао;Акции обыкновенные;RU000A0HMLY1;1-01-55147-E;3;0,02;RUB;596039612;0;0;TQBR;Т+: Акции и ДР - безадрес.;;23.10.2008;0;0;0;0;2023-06-02;;;закрытие реестра (рекомендуемая);8165742684.4;10545168742.64;"Публичное акционерное общество ""Красноярскэнергосбыт""";2466132221;100;13,7847;13,7847;0,0;27,5694;0,0;27,5694;0,0;27,5694;100,0;;;;;7,26000;11,93000;1
KTSB;КСБ ао;"""Костромск.сбыт.комп"" ПАО";Акции обыкновенные;RU000A0D8LW9;1-01-55051-E;3;0,04;RUB;868998400;0;0;TQBR;Т+: Акции и ДР - безадрес.;;18.08.2005;0;0;0;0;2015-07-14;;;закрытие реестра;1552031142.4;1637784876.16;"Публичное акционерное общество ""Костромская сбытовая компания""";4401050567;1000;1,78202;1,78202;0,0;3,56404;0,0;3,56404;0,0;3,56404;100,0;;;;;13,92000;53,62000;1
KUBE;РСетКубань;"""Россети Кубань"" ПАО";Акции обыкновенные;RU0009046767;1-02-00063-A;3;100,0;RUB;334657837;0;0;TQBR;Т+: Акции и ДР - безадрес.;;30.09.2003;0;0;0;0;2022-12-16;;;закрытие реестра;41330242869.5;41330242869.5;"Публичное акционерное общество ""Россети Кубань""";2309001660;10;124,062;124,062;0,0;248,124;0,0;248,124;0,0;248,124;100,0;;;;;14,81000;43,03000;1
KUZB;КузнецкийБ;"Банк ""Кузнецкий"" ПАО ао";Акции обыкновенные;RU000A0JSQ66;10100609B;3;0,01;RUB;22503490875;0;0;TQBR;Т+: Акции и ДР - безадрес.;;05.09.2012;0;0;0;0;2021-05-24;;;закрытие реестра;886412505.5662501;886412505.5662501;"Публичное акционерное общество Банк ""Кузнецкий""";5836900162;10000;0,039346;0,039346;0,0;0,078692;0,0;0,078692;0,0;0,078692;100,0;;;;;13,86000;20,63000;1
KZOS;ОргСинт ао;"ПАО ""Органический синтез"" ао";Акции обыкновенные;RU0009089825;1-02-55245-D;3;1,0;RUB;1785114000;0;0;TQBR;Т+: Акции и ДР - безадрес.;;05.12.2011;0;0;0;0;2022-07-11;;;закрытие реестра;175298194800.0;178599044400.0;"Казанское публичное акционерное общество ""Органический синтез""";1658008723;10;98,091;98,091;49,046;147,137;24,523;171,659;4,905;191,277;50,0;116009;75,0;580045;95,0;9,74000;13,23000;1
LENT;Лента ао;Лента МКПАО ао;Акции обыкновенные;RU000A102S15;1-01-16686-A;1;0,09126;RUB;115985197;0;0;TQBR;Т+: Акции и ДР - безадрес.;;01.12.2021;0;0;0;0;;;;;83799304832.5;83799304832.5;"Международная компания публичное акционерное общество ""Лента""";3906399157;1;720,7;720,7;360,35;1081,05;180,18;1261,23;36,04;1405,37;50,0;11255;75,0;56275;95,0;9,67000;11,56000;1
LIFE;iФармсинтз;Фармсинтез ПАО ао;Акции обыкновенные;RU000A0JR514;1-02-09669-J;3;5,0;RUB;301010754;0;0;TQBR;Т+: Акции и ДР - безадрес.;R;24.11.2010;0;0;0;0;;;;;2140186460.94;2140186460.94;"Публичное акционерное общество ""Фармсинтез""";7801075160;100;7,1471;7,1471;2,1441;12,1501;1,4294;12,8648;0,3574;13,9368;70,0;1406984;80,0;7034920;95,0;18,52000;24,60000;1
LKOH;ЛУКОЙЛ;НК ЛУКОЙЛ (ПАО) - ао;Акции обыкновенные;RU0009024277;1-01-00077-A;1;0,025;RUB;692865762;1;0;TQBR;Т+: Акции и ДР - безадрес.;;20.08.2003;1;1;0;0;2023-06-05;438.0;0.0967;закрытие реестра (рекомендуемая);3124131720858.0;3124131720858.0;"Публичное акционерное общество ""Нефтяная компания ""ЛУКОЙЛ""";7708004767;1;4515,79;4515,79;3161,05;5870,53;2890,11;6141,47;2574,0;6457,58;30,0;198121;36,0;990605;43,0;6,13000;6,65000;0
LNZL;Лензолото;"""Лензолото"" ПАО ао";Акции обыкновенные;RU000A0JP1N2;1-02-40433-N;3;1,0;RUB;1140300;0;0;TQBR;Т+: Акции и ДР - безадрес.;;12.12.2008;0;0;0;0;2022-11-28;;;закрытие реестра;17617635000.0;18671166000.0;"Ленское золотодобывающее публичное акционерное общество ""Лензолото""";3802000096;1;15432,85;15432,85;0,0;30865,7;0,0;30865,7;0,0;30865,7;100,0;;;;;15,23000;28,71000;1
LPSB;ЛЭСК ао;Липецкая энергосбыт.ком.ОАО ао;Акции обыкновенные;RU000A0D8MR7;1-01-65097-D;3;0,22;RUB;155521950;0;0;TQBR;Т+: Акции и ДР - безадрес.;;16.08.2005;0;0;0;0;2014-07-04;;;закрытие реестра;2480575102.5;2480575102.5;"Открытое акционерное общество ""Липецкая энергосбытовая компания""";4822001244;100;15,9323;15,9323;0,0;31,8646;0,0;31,8646;0,0;31,8646;100,0;;;;;15,08000;55,17000;1
LSNG;РСетиЛЭ;Россети Ленэнерго ПАО-ао;Акции обыкновенные;RU0009034490;1-01-00073-A;3;1,0;RUB;8523785320;0;0;TQBR;Т+: Акции и ДР - безадрес.;;16.07.2003;0;0;0;0;2023-01-08;;;закрытие реестра;124532503525.2;138428885864.2;"Публичное акционерное общество ""Россети Ленэнерго""";7803002209;100;14,5938;14,5938;0,0;29,1876;0,0;29,1876;0,0;29,1876;100,0;;;;;16,36000;54,93000;1
LSRG;ЛСР ао;Группа ЛСР ПАО ао;Акции обыкновенные;RU000A0JPFP0;1-01-55234-E;1;0,25;RUB;103030215;0;0;TQBR;Т+: Акции и ДР - безадрес.;;09.11.2007;0;0;0;0;2021-05-11;;;закрытие реестра;55739346315.0;55739346315.0;"Публичное акционерное общество ""Группа ЛСР""";7838360491;1;540,91;540,91;162,27;919,55;108,18;973,64;27,05;1054,77;70,0;26891;80,0;134455;95,0;8,33000;9,45000;0
LVHK;Левенгук;Левенгук ПАО ао;Акции обыкновенные;RU000A0JT7Y2;1-01-04329-D;3;10,0;RUB;52940000;0;0;TQBR;Т+: Акции и ДР - безадрес.;;28.11.2012;0;0;0;0;2022-12-16;;;закрытие реестра;937567400.0;937567400.0;"Публичное акционерное общество ""Левенгук""";7839462305;100;17,6404;17,6404;0,0;35,2808;0,0;35,2808;0,0;35,2808;100,0;;;;;10,41000;13,72000;1
MAGE;МагадЭн ао;"""Магаданэнерго"" ПАО ао";Акции обыкновенные;RU0006758919;1-01-00254-A;3;1,0;RUB;463838268;0;0;TQBR;Т+: Акции и ДР - безадрес.;;12.11.2010;0;0;0;0;;;;;2537195325.96;3135912399.9;"Публичное акционерное общество энергетики и электрификации ""Магаданэнерго""";4909047148;100;5,4639;5,4639;0,0;10,9278;0,0;10,9278;0,0;10,9278;100,0;;;;;11,01000;16,49000;1
MAGN;ММК;"""Магнитогорск.мет.комб"" ПАО ао";Акции обыкновенные;RU0009084396;1-03-00078-A;1;1,0;RUB;11174330000;1;0;TQBR;Т+: Акции и ДР - безадрес.;;26.12.2005;1;1;0;0;2022-01-13;2.663;0.0396;закрытие реестра;423674721950.0;423674721950.0;"Публичное акционерное общество ""Магнитогорский металлургический комбинат""";7414003633;10;38,032;38,032;30,426;45,638;28,144;47,92;25,481;50,583;20,0;5438277;26,0;27191385;33,0;8,57000;8,61000;0
MFGS;Мегион-ао;"ао ""Славнефть-Мегионнефтегаз""";Акции обыкновенные;RU0009011126;1-03-00149-A;3;25,0;RUB;99474705;0;0;TQBR;Т+: Акции и ДР - безадрес.;;11.01.2005;0;0;0;0;2013-05-10;;;закрытие реестра;37253277022.5;46244747022.5;"Публичное акционерное общество ""Славнефть - Мегионнефтегаз""";8605003932;10;374,084;374,084;0,0;748,168;0,0;748,168;0,0;748,168;100,0;;;;;8,66000;9,83000;1
MGNT;Магнит ао;"""Магнит"" ПАО ао";Акции обыкновенные;RU000A0JKQU8;1-01-60525-P;1;0,01;RUB;101911355;1;0;TQBR;Т+: Акции и ДР - безадрес.;;24.04.2006;1;1;0;0;2021-12-31;294.37;0.0541;закрытие реестра;450702967487.5;450702967487.5;"Публичное акционерное общество ""Магнит""";2309085638;1;4445,9;4445,9;3556,72;5335,08;3289,97;5601,83;2978,75;5913,05;20,0;67930;26,0;339650;33,0;7,08000;5,51000;0
MGNZ;СМЗ-ао;Соликамский магн.завод(ОАО)ао;Акции обыкновенные;RU0009100911;1-01-00283-A;3;0,25;RUB;398272;0;0;TQBR;Т+: Акции и ДР - безадрес.;;14.10.2008;0;0;0;0;2019-07-02;;;закрытие реестра;2963143680.0;2963143680.0;"Открытое акционерное общество ""Соликамский магниевый завод""";5919470019;1;7437,01;7437,01;0,0;14874,02;0,0;14874,02;0,0;14874,02;100,0;;;;;18,59000;56,25000;1
MGTS;МГТС-5ао;"ПАО ""МГТС"" ао (5 в)";Акции обыкновенные;RU0009036461;1-05-00083-A;3;40,0;RUB;79708751;0;0;TQBR;Т+: Акции и ДР - безадрес.;;11.01.2005;0;0;0;0;2019-07-11;;;закрытие реестра;143874295555.0;163608156979.0;"Публичное акционерное общество ""Московская городская телефонная сеть""";7710016640;1;1803,0;1803,0;0,0;3606,0;0,0;3606,0;0,0;3606,0;100,0;;;;;12,61000;25,10000;1
MISB;ТНСэнМарЭл;ТНС энерго Марий Эл ПАО ао;Акции обыкновенные;RU000A0D8K33;1-01-50086-A;3;0,1;RUB;121847780;0;0;TQBR;Т+: Акции и ДР - безадрес.;;26.08.2005;0;0;0;0;2022-07-13;;;закрытие реестра;4215933188.0;4660130762.0;"Публичное акционерное общество ""ТНС энерго Марий Эл""";1215099739;100;34,5616;34,5616;0,0;69,1232;0,0;69,1232;0,0;69,1232;100,0;;;;;11,93000;49,48000;1
MOEX;МосБиржа;ПАО Московская Биржа;Акции обыкновенные;RU000A0JR4A1;1-05-08443-H;1;1,0;RUB;2276401458;1;0;TQBR;Т+: Акции и ДР - безадрес.;;04.02.2013;1;1;0;0;2023-05-12;4.84;0.0438;;249607419869.7;249607419869.7;"Публичное акционерное общество ""Московская Биржа ММВБ-РТС""";7702077840;10;109,885;109,885;87,908;131,862;81,315;138,455;73,623;146,147;20,0;1285441;26,0;6427205;33,0;7,94000;7,71000;0
MRKC;РоссЦентр;"ПАО ""Россети Центр"" ао";Акции обыкновенные;RU000A0JPPL8;1-01-10214-A;2;0,1;RUB;42217941468;0;0;TQBR;Т+: Акции и ДР - безадрес.;;21.05.2008;0;0;0;0;2023-06-23;;;закрытие реестра (рекомендуемая);14143010391.78;14143010391.78;"Публичное акционерное общество ""Россети Центр""";6901067107;1000;0,33483;0,33483;0,16742;0,50225;0,08371;0,58595;0,01674;0,65292;50,0;25601639;75,0;128008195;95,0;10,82000;14,79000;1
MRKK;Россети СК;Россети Сев. Кавказ ао;Акции обыкновенные;RU000A0JPPQ7;1-01-34747-E;3;1,0;RUB;889313596;0;0;TQBR;Т+: Акции и ДР - безадрес.;;19.06.2008;0;0;0;0;2014-07-11;;;закрытие реестра;14851537053.199999;14851537053.199999;"Публичное акционерное общество ""Россети Северный Кавказ""";2632082033;10;16,681;16,681;0,0;33,362;0,0;33,362;0,0;33,362;100,0;;;;;16,92000;21,58000;1
MRKP;РСетиЦП ао;Россети Центр и Приволжье ао;Акции обыкновенные;RU000A0JPN96;1-01-12665-E;2;0,1;RUB;112697817043;0;0;TQBR;Т+: Акции и ДР - безадрес.;;07.04.2008;0;0;0;0;2023-06-23;;;закрытие реестра (рекомендуемая);23993365248.4547;23993365248.4547;"Публичное акционерное общество ""Россети Центр и Приволжье""";5260200603;10000;0,213063;0,213063;0,106532;0,319595;0,053266;0,37286;0,010653;0,415473;50,0;39154268;75,0;195771340;95,0;8,84000;8,43000;0
MRKS;РсетСиб ао;Россети Сибирь ао;Акции обыкновенные;RU000A0JPPF0;1-01-12044-F;2;0,1;RUB;94815163249;0;0;TQBR;Т+: Акции и ДР - безадрес.;;05.06.2008;0;0;0;0;2020-01-14;;;закрытие реестра;33185307137.149998;33185307137.149998;"Публичное акционерное общество ""Россети Сибирь""";2460069527;10000;0,349612;0,349612;0,0;0,699224;0,0;0,699224;0,0;0,699224;100,0;;;;;11,65000;11,97000;1
MRKU;МРСК Ур;МРСК Урала (ОАО) ао;Акции обыкновенные;RU000A0JPPT1;1-01-32501-D;2;0,1;RUB;87430485711;0;0;TQBR;Т+: Акции и ДР - безадрес.;;18.06.2008;0;0;0;0;2023-01-08;;;закрытие реестра;19689345382.117203;19689345382.117203;"Открытое акционерное общество ""Межрегиональная распределительная сетевая компания Урала""";6671163413;10000;0,22495;0,22495;0,112475;0,337425;0,056238;0,393663;0,011248;0,438653;50,0;56074556;75,0;280372780;95,0;7,96000;9,43000;1
MRKV;РсетВол ао;Россети Волга ао;Акции обыкновенные;RU000A0JPPN4;1-01-04247-E;2;0,1;RUB;188307958732;0;0;TQBR;Т+: Акции и ДР - безадрес.;;23.05.2008;0;0;0;0;2022-06-28;;;закрытие реестра;7127456238.006201;7127456238.006201;"Публичное акционерное общество ""Россети Волга""";6450925977;10000;0,037808;0,037808;0,018904;0,056712;0,009452;0,066164;0,00189;0,073726;50,0;157109191;75,0;785545955;95,0;10,37000;14,82000;1
MRKY;РоссЮг ао;Россети Юг  (ПАО) ао;Акции обыкновенные;RU000A0JPPG8;1-01-34956-E;3;0,1;RUB;151641426354;0;0;TQBR;Т+: Акции и ДР - безадрес.;;22.08.2008;0;0;0;0;2019-06-19;;;закрытие реестра;6914849041.7424;6914849041.7424;"Публичное акционерное общество ""Россети Юг""";6164266561;10000;0,045599;0,045599;0,0;0,091198;0,0;0,091198;0,0;0,091198;100,0;;;;;7,67000;10,58000;1
MRKZ;РСетиСЗ ао;ПАО Россети Северо-Запад ао;Акции обыкновенные;RU000A0JPPB9;1-01-03347-D;2;0,1;RUB;95785923138;0;0;TQBR;Т+: Акции и ДР - безадрес.;;29.05.2008;0;0;0;0;2020-06-09;;;закрытие реестра;3295035755.9472;3295035755.9472;"Публичное акционерное общество ""Россети Северо-Запад""";7802312751;10000;0,034262;0,034262;0,017131;0,051393;0,008566;0,059959;0,001713;0,066811;50,0;346752661;75,0;1733763305;95,0;9,75000;9,03000;1
MRSB;МордЭнСб;Мордовск.энергсбыт.комп.ПАО ао;Акции обыкновенные;RU000A0D9AJ7;1-01-55055-E;3;0,0136;RUB;1345037710;0;0;TQBR;Т+: Акции и ДР - безадрес.;;01.09.2005;0;0;0;0;2021-12-06;;;закрытие реестра;663103591.03;663103591.03;"Публичное акционерное общество ""Мордовская энергосбытовая компания""";1326192645;10000;0,491454;0,491454;0,0;0,982908;0,0;0,982908;0,0;0,982908;100,0;;;;;11,09000;23,74000;1
MSNG;+МосЭнерго;МосЭнерго акции обыкн.;Акции обыкновенные;RU0008958863;1-01-00085-A;1;1,0;RUB;39749359700;0;0;TQBR;Т+: Акции и ДР - безадрес.;;11.01.2005;0;0;0;0;2022-07-11;;;закрытие реестра;95398463280.0;95398463280.0;"Публичное акционерное общество энергетики и электрификации ""Мосэнерго""";7705035012;1000;2,39786;2,39786;1,19893;3,59679;0,59947;4,19626;0,11989;4,67583;50,0;4394639;75,0;21973195;95,0;6,37000;12,50000;0
MSRS;РСетиМР ао;ПАО Россети Моск.рег. ао;Акции обыкновенные;RU000A0ET7Y7;1-01-65116-D;2;0,5;RUB;48707091574;0;0;TQBR;Т+: Акции и ДР - безадрес.;;09.02.2006;0;0;0;0;2022-07-03;;;закрытие реестра;50411839779.09;50411839779.09;"Публичное акционерное общество ""Россети Московский регион""";5036065113;1000;1,03385;1,03385;0,51693;1,55078;0,25846;1,80924;0,05169;2,01601;50,0;8467401;75,0;42337005;95,0;9,68000;7,51000;1
MSTT;Мостотрест;"ПАО ""МОСТОТРЕСТ"" ао";Акции обыкновенные;RU0009177331;1-03-02472-A;3;0,14;RUB;282215500;0;0;TQBR;Т+: Акции и ДР - безадрес.;;03.11.2010;0;0;0;0;2018-07-03;2.19;0.0207;закрытие реестра;63780703000.0;63780703000.0;"Публичное акционерное общество ""МОСТОТРЕСТ""";7701045732;10;225,749;225,749;0,0;451,498;0,0;451,498;0,0;451,498;100,0;;;;;22,16000;56,36000;1
MTLR;Мечел ао;Мечел ПАО ао;Акции обыкновенные;RU000A0DKXV5;1-01-55005-E;1;10,0;RUB;416270745;0;0;TQBR;Т+: Акции и ДР - безадрес.;;26.12.2008;1;0;0;0;2021-07-13;;;закрытие реестра;75086916983.09999;102033509876.09999;"Публичное акционерное общество ""Мечел""";7703370008;1;180,19;180,19;54,06;306,32;36,04;324,34;9,01;351,37;70,0;1187689;80,0;5938443;95,0;13,76000;12,12000;0
MTSS;МТС-ао;Мобильные ТелеСистемы ПАО ао;Акции обыкновенные;RU0007775219;1-01-04715-A;1;0,1;RUB;1998381575;1;0;TQBR;Т+: Акции и ДР - безадрес.;;11.02.2004;1;1;0;0;2022-07-12;33.85;0.1429;закрытие реестра;531769337107.50006;531769337107.50006;"Публичное акционерное общество ""Мобильные ТелеСистемы""";7740000076;10;266,281;266,281;213,025;319,537;197,048;335,514;178,408;354,154;20,0;638111;26,0;3190555;33,0;6,35000;6,45000;0
MVID;М.видео;"""М.видео"" ПАО ао";Акции обыкновенные;RU000A0JPGA0;1-02-11700-A;1;10,0;RUB;179768227;0;0;TQBR;Т+: Акции и ДР - безадрес.;;01.11.2007;1;0;0;0;2021-12-16;35.0;0.072;закрытие реестра;33293075640.399998;33293075640.399998;"Публичное акционерное общество ""М.видео""";7707602010;1;185,29;185,29;92,65;277,94;46,32;324,26;9,26;361,32;50,0;55132;75,0;275660;95,0;11,06000;7,56000;0
NAUK;iНПОНаука;НПО Наука ао;Акции обыкновенные;RU000A0JRPX9;1-01-04440-A;3;0,2;RUB;11789500;0;0;TQBR;Т+: Акции и ДР - безадрес.;R;15.12.2011;0;0;0;0;2023-06-05;;;закрытие реестра (рекомендуемая);3937693000.0;3937693000.0;"Публичное акционерное общество Научно-производственное объединение ""Наука""";7714005350;10;330,433;330,433;0,0;660,866;0,0;660,866;0,0;660,866;100,0;;;;;13,05000;27,37000;1
NFAZ;НЕФАЗ;НЕФАЗ ПАО ао;Акции обыкновенные;RU0009115604;1-01-30520-D;3;1,0;RUB;8038896;0;0;TQBR;Т+: Акции и ДР - безадрес.;;09.09.2011;0;0;0;0;;;;;3163305576.0;3163305576.0;"Публичное акционерное общество ""НЕФАЗ""";0264004103;10;392,064;392,064;0,0;784,128;0,0;784,128;0,0;784,128;100,0;;;;;10,49000;15,98000;1
NKHP;НКХП ао;НКХП ПАО ао;Акции обыкновенные;RU000A0BLWD7;1-03-35684-E;3;1,0;RUB;67597000;0;0;TQBR;Т+: Акции и ДР - безадрес.;;17.11.2015;0;0;0;0;2021-10-11;;;закрытие реестра;25112285500.0;25112285500.0;"Публичное акционерное общество ""Новороссийский комбинат хлебопродуктов""";2315014748;10;372,586;372,586;0,0;745,172;0,0;745,172;0,0;745,172;100,0;;;;;9,13000;14,88000;1
NKNC;НКНХ ао;"""Нижнекамскнефтехим"" ПАО ао";Акции обыкновенные;RU0009100507;1-02-00096-A;3;1,0;RUB;1611256000;0;0;TQBR;Т+: Акции и ДР - безадрес.;;04.04.2008;0;0;0;0;2022-07-11;;;закрытие реестра;177560411200.0;196585719400.0;"Публичное Акционерное Общество ""Нижнекамскнефтехим""";1651000010;10;110,178;110,178;55,089;165,267;27,545;192,812;5,509;214,847;50,0;67707;75,0;338535;95,0;13,26000;16,83000;1
NKSH;Нижкамшина;Нижнекамскшина ПАО ао;Акции обыкновенные;RU0009100515;1-02-55032-D;3;1,0;RUB;63731171;0;0;TQBR;Т+: Акции и ДР - безадрес.;;14.12.2011;0;0;0;0;;;;;2075086927.7600002;2075086927.7600002;"Публичное акционерное общество ""Нижнекамскшина""";1651000027;100;32,5039;32,5039;0,0;65,0078;0,0;65,0078;0,0;65,0078;100,0;;;;;8,20000;15,94000;1
NLMK;НЛМК ао;"ПАО ""НЛМК"" ао";Акции обыкновенные;RU0009046452;1-01-00102-A;1;1,0;RUB;5993227240;1;0;TQBR;Т+: Акции и ДР - безадрес.;;06.04.2006;1;1;0;0;2023-01-11;2.6;0.0233;;763177556741.6;763177556741.6;"Публичное акционерное общество ""Новолипецкий металлургический комбинат""";4823006703;10;127,708;127,708;95,781;159,635;88,119;167,297;79,179;176,237;25,0;1743499;31,0;8717495;38,0;10,61000;8,82000;0
NMTP;НМТП ао;НМТП (ПАО) ао;Акции обыкновенные;RU0009084446;1-01-30251-E;3;0,01;RUB;19259815400;0;0;TQBR;Т+: Акции и ДР - безадрес.;;08.11.2007;0;0;0;0;2022-07-12;;;закрытие реестра;129907454873.0;129907454873.0;"Публичное акционерное общество ""Новороссийский морской торговый порт""";2315004404;100;6,7375;6,7375;3,3688;10,1063;1,6844;11,7906;0,3369;13,1381;50,0;1336388;75,0;6681940;95,0;10,67000;13,02000;0
NNSB;ТНСэнНН ао;ТНС энерго Нижний Новг.ПАО ао;Акции обыкновенные;RU000A0ET5A1;1-01-55072-E;3;11,88;RUB;3919400;0;0;TQBR;Т+: Акции и ДР - безадрес.;;08.11.2005;0;0;0;0;2016-07-08;;;закрытие реестра;10112052000.0;11047942560.0;"Публичное акционерное общество ""ТНС энерго Нижний Новгород""";5260148520;1;2577,14;2577,14;0,0;5154,28;0,0;5154,28;0,0;5154,28;100,0;;;;;14,02000;18,16000;1
NSVZ;iНаукаСвяз;Наука-Связь ПАО ао;Акции обыкновенные;RU000A0JQLB6;1-01-12689-A;3;1,0;RUB;4701562;0;0;TQBR;Т+: Акции и ДР - безадрес.;R;13.12.2011;0;0;0;0;2014-10-06;;;закрытие реестра;1182442843.0;1182442843.0;"Публичное акционерное общество ""Наука-Связь""";7714716995;10;249,723;249,723;0,0;499,446;0,0;499,446;0,0;499,446;100,0;;;;;15,90000;30,53000;1
NVTK;Новатэк ао;"ПАО ""НОВАТЭК"" ао";Акции обыкновенные;RU000A0DKVS5;1-02-00268-E;1;0,1;RUB;3036306000;1;0;TQBR;Т+: Акции и ДР - безадрес.;;18.08.2006;1;1;0;0;2023-05-03;60.58;0.0488;закрытие реестра;3710365932000.0;3710365932000.0;"публичное акционерное общество ""НОВАТЭК""";6316031581;1;1228,7;1228,7;860,09;1597,31;786,37;1671,03;700,36;1757,04;30,0;224365;36,0;1121825;43,0;7,24000;6,42000;0
OGKB;ОГК-2 ао;ОГК-2 ПАО ао;Акции обыкновенные;RU000A0JNG55;1-02-65105-D;2;0,3627;RUB;110441160870;0;0;TQBR;Т+: Акции и ДР - безадрес.;;22.06.2007;1;0;0;0;2022-07-11;;;закрытие реестра;77463430234.218;77463430234.218;"Публичное акционерное общество ""Вторая генерирующая компания оптового рынка электроэнергии""";2607018122;1000;0,70202;0,70202;0,47035;0,93369;0,35101;1,05303;0,17551;1,22854;33,0;14372600;50,0;71863000;75,0;8,38000;6,73000;0
PAZA;ПавлАвт ао;Павловский автобус ПАО ао;Акции обыкновенные;RU0009083240;1-02-00261-A;3;415,0;RUB;1567904;0;0;TQBR;Т+: Акции и ДР - безадрес.;;08.12.2011;0;0;0;0;;;;;10128659840.0;10128659840.0;"Публичное акционерное общество ""Павловский автобус""";5252000350;1;6452,83;6452,83;0,0;12905,66;0,0;12905,66;0,0;12905,66;100,0;;;;;9,54000;11,50000;1
PHOR;ФосАгро ао;ФосАгро ПАО ао;Акции обыкновенные;RU000A0JRKT8;1-02-06556-A;1;2,5;RUB;129500000;1;0;TQBR;Т+: Акции и ДР - безадрес.;;18.07.2011;1;1;0;0;2023-04-04;465.0;0.0637;закрытие реестра;914399500000.0;914399500000.0;"Публичное акционерное общество ""ФосАгро""";7736216869;1;7076,24;7076,24;5660,99;8491,49;5236,42;8916,06;4741,08;9411,4;20,0;12768;26,0;63840;33,0;5,59000;6,44000;0
PIKK;ПИК ао;ПИК СЗ (ПАО) ао;Акции обыкновенные;RU000A0JP7J7;1-02-01556-A;1;62,5;RUB;660497344;1;0;TQBR;Т+: Акции и ДР - безадрес.;;13.06.2007;1;1;0;0;2021-05-17;22.51;0.0234;закрытие реестра;426284985817.6;426284985817.6;"Публичное акционерное общество ""ПИК-специализированный застройщик""";7713011336;1;653,55;653,55;490,16;816,94;450,95;856,15;405,2;901,9;25,0;85906;31,0;429530;38,0;11,56000;8,44000;0
PLZL;Полюс;Полюс ПАО ао;Акции обыкновенные;RU000A0JNAA8;1-01-55192-E;1;1,0;RUB;136069400;1;0;TQBR;Т+: Акции и ДР - безадрес.;;12.05.2006;1;1;0;0;2021-10-11;267.48;0.0218;закрытие реестра;1425190895600.0;1425190895600.0;"Публичное акционерное общество ""Полюс""";7703389295;1;10484,82;10484,82;8387,86;12581,78;7758,77;13210,87;7024,83;13944,81;20,0;21395;26,0;106975;33,0;10,33000;9,64000;0
PMSB;ПермьЭнСб;"""Пермэнергосбыт"" ПАО ао";Акции обыкновенные;RU000A0ET123;1-01-55084-E;3;3,25;RUB;36210960;0;0;TQBR;Т+: Акции и ДР - безадрес.;;09.02.2006;0;0;0;0;2023-05-23;;;закрытие реестра (рекомендуемая);6123273336.0;8064721836.0;"Публичное акционерное общество ""Пермская энергосбытовая компания""";5904123809;10;169,811;169,811;84,906;254,717;42,453;297,169;8,491;331,131;50,0;78521;75,0;392605;95,0;5,27000;8,37000;1
POSI;iПозитив;Группа Позитив ао;Акции обыкновенные;RU000A103X66;1-01-85307-H;1;0,5;RUB;66000000;0;0;TQBR;Т+: Акции и ДР - безадрес.;R;17.12.2021;1;0;0;0;2023-05-22;;;закрытие реестра (рекомендуемая);110246400000.0;110246400000.0;"Публичное акционерное общество ""Группа Позитив""";9718077239;1;1664,15;1664,15;832,08;2496,23;416,04;2912,26;83,21;3245,09;50,0;17285;75,0;84852;95,0;8,95000;7,53000;0
PRMB;Приморье;"АКБ ""Приморье"" ао";Акции обыкновенные;RU000A0DPNQ5;10103001B;3;1000,0;RUB;250000;0;0;TQBR;Т+: Акции и ДР - безадрес.;;03.05.2011;0;0;0;0;2023-05-02;;;закрытие реестра;9350000000.0;9350000000.0;"акционерный коммерческий банк ""Приморье""  (публичное акционерное общество)";2536020789;1;37358,5;37358,5;0,0;74717,0;0,0;74717,0;0,0;74717,0;100,0;;;;;19,99000;22,92000;1
RASP;Распадская;ПАО Распадская ао;Акции обыкновенные;RU000A0B90N8;1-04-21725-N;2;0,004;RUB;665733918;0;0;TQBR;Т+: Акции и ДР - безадрес.;;14.11.2006;0;0;0;0;2022-01-18;;;закрытие реестра;182544240315.6;182544240315.6;"Публичное акционерное общество ""Распадская""";4214002316;10;274,062;274,062;219,25;328,874;202,806;345,318;183,622;364,502;20,0;114003;26,0;570015;33,0;10,23000;8,95000;0
RBCM;ГК РБК ао;ГК РБК ПАО ао;Акции обыкновенные;RU000A0JR6A6;1-02-56413-H;3;0,00064;RUB;365631010;0;0;TQBR;Т+: Акции и ДР - безадрес.;;19.01.2011;0;0;0;0;;;;;1367459977.4;1367459977.4;"Публичное акционерное общество ""Группа компаний РБК""";7728547955;100;3,7398;3,7398;0,0;7,4796;0,0;7,4796;0,0;7,4796;100,0;;;;;7,41000;15,47000;1
RDRB;РДБанк ао;РоссийскийДорож Банк ПАО ао;Акции обыкновенные;RU000A0JU6Q7;10201573B;3;124,0;RUB;18946998;0;0;TQBR;Т+: Акции и ДР - безадрес.;;31.10.2013;0;0;0;0;2022-09-20;;;закрытие реестра;3543088626.0;3543088626.0;"""Российский акционерный коммерческий дорожный банк"" (публичное акционерное общество)";7718011918;10;186,792;186,792;0,0;373,584;0,0;373,584;0,0;373,584;100,0;;;;;12,86000;11,79000;1
RENI;Ренессанс;Ренессанс Страхование ао;Акции обыкновенные;RU000A0ZZM04;1-01-10601-Z;1;9,88;RUB;556952780;0;0;TQBR;Т+: Акции и ДР - безадрес.;;20.10.2021;0;0;0;0;;;;;35812063754.0;35812063754.0;"Публичное акционерное общество ""Группа Ренессанс Страхование""";7725497022;10;64,229;64,229;32,115;96,344;16,057;112,401;3,211;125,247;50,0;78431;75,0;392155;95,0;11,03000;11,45000;0
RGSS;РГС СК ао;Росгосстрах СК ПАО ао;Акции обыкновенные;RU0008010855;1-03-10003-Z;3;0,03;RUB;489503740915;0;0;TQBR;Т+: Акции и ДР - безадрес.;;19.11.2013;0;0;0;0;2021-01-12;;;закрытие реестра;99173457909.379;99173457909.379;"Публичное акционерное общество Страховая Компания ""Росгосстрах""";7707067683;1000;0,20257;0,20257;0,0;0,40514;0,0;0,40514;0,0;0,40514;100,0;;;;;11,03000;17,42000;1
RKKE;ЭнергияРКК;РКК Энергия им.С.П.Королева ао;Акции обыкновенные;RU0009095939;1-03-01091-A;3;1000,0;RUB;1843714;0;0;TQBR;Т+: Акции и ДР - безадрес.;;29.05.2008;0;0;0;0;2016-07-14;;;закрытие реестра;26162301660.0;26162301660.0;"Публичное акционерное общество ""Ракетно-космическая корпорация ""Энергия"" имени С.П. Королёва""";5018033937;1;14174,25;14174,25;0,0;28348,5;0,0;28348,5;0,0;28348,5;100,0;;;;;14,44000;39,48000;1
RNFT;РуссНфт ао;РуссНефть НК ПАО ао;Акции обыкновенные;RU000A0JSE60;1-02-39134-H;1;0,5;RUB;294120000;0;0;TQBR;Т+: Акции и ДР - безадрес.;;18.11.2016;0;0;0;0;2019-07-11;;;;35264988000.0;35264988000.0;"Публичное акционерное общество Нефтегазовая компания ""РуссНефть""";7717133960;1;119,27;119,27;79,91;158,63;59,64;178,91;29,82;208,72;33,0;108968;50,0;544840;75,0;13,10000;25,20000;0
ROLO;Русолово;"""Русолово"" ПАО ао";Акции обыкновенные;RU000A0JU1B0;1-01-15065-A;3;0,1;RUB;30001000000;0;0;TQBR;Т+: Акции и ДР - безадрес.;;12.08.2013;0;0;0;0;;;;;21600720000.0;21600720000.0;"Публичное акционерное общество ""Русолово""";7706774915;1000;0,7192;0,7192;0,0;1,4384;0,0;1,4384;0,0;1,4384;100,0;;;;;10,28000;13,26000;1
ROSB;Росбанк ао;РОСБАНК ПАО ао;Акции обыкновенные;RU000A0HHK26;10102272B;3;10,0;RUB;1551401853;0;0;TQBR;Т+: Акции и ДР - безадрес.;;30.01.2006;0;0;0;0;;;;;158863549747.2;158863549747.2;Публичное акционерное общество РОСБАНК;7730060164;10;102,286;102,286;0,0;204,572;0,0;204,572;0,0;204,572;100,0;;;;;18,33000;31,69000;1
ROSN;Роснефть;ПАО НК Роснефть;Акции обыкновенные;RU000A0J2Q06;1-02-00122-A;1;0,01;RUB;10598177817;1;0;TQBR;Т+: Акции и ДР - безадрес.;;19.07.2006;1;1;0;0;2023-01-12;20.39;0.0587;закрытие реестра;4013000030407.05;4013000030407.05;"публичное акционерное общество ""Нефтяная компания ""Роснефть""";7706107510;1;379,44;379,44;265,61;493,27;242,84;516,04;216,28;542,6;30,0;1419670;36,0;7098350;43,0;7,38000;8,19000;0
ROST;РОСИНТЕРао;РОСИНТЕР РЕСТОРАНТС (ПАО);Акции обыкновенные;RU000A0JP922;1-02-55033-E;3;169,7;RUB;16305334;0;0;TQBR;Т+: Акции и ДР - безадрес.;;11.08.2008;0;0;0;0;;;;;1147895513.6000001;1147895513.6000001;"Публичное акционерное общество ""РОСИНТЕР РЕСТОРАНТС ХОЛДИНГ""";7722514880;10;70,122;70,122;0,0;140,244;0,0;140,244;0,0;140,244;100,0;;;;;9,47000;33,60000;1
RTGZ;ГазпРнД ао;Газпром газорасп Р-н-Д ПАО ао;Акции обыкновенные;RU000A0JPG04;1-02-30742-E;3;2000,0;RUB;120246;0;0;TQBR;Т+: Акции и ДР - безадрес.;;07.11.2012;0;0;0;0;;;;;3583330800.0;3583330800.0;"Публичное акционерное общество ""Газпром газораспределение Ростов-на-Дону""";6163000368;1;29766,93;29766,93;0,0;59533,86;0,0;59533,86;0,0;59533,86;100,0;;;;;19,19000;55,17000;1
RTKM;Ростел -ао;Ростелеком (ПАО) ао.;Акции обыкновенные;RU0008943394;1-01-00124-A;1;0,0025;RUB;3282997929;1;0;TQBR;Т+: Акции и ДР - безадрес.;;11.01.2005;1;1;0;0;2022-07-20;4.56;0.0747;закрытие реестра;210505827207.48;223928474872.83002;"Публичное акционерное общество ""Ростелеком""";7707049388;10;64,28;64,28;48,21;80,35;44,353;84,207;39,854;88,706;25,0;368558;31,0;1842790;38,0;5,10000;5,37000;0
RTSB;ТНСэнРст;ТНС энерго Ростов. ПАО ао;Акции обыкновенные;RU000A0D8PB4;1-01-50095-A;3;0,02;RUB;8128764676;0;0;TQBR;Т+: Акции и ДР - безадрес.;;26.12.2005;0;0;0;0;2022-07-20;;;закрытие реестра;12339464778.168;13379993453.911999;"Публичное акционерное общество ""ТНС энерго Ростов-на-Дону""";6168002922;1000;1,49834;1,49834;0,0;2,99668;0,0;2,99668;0,0;2,99668;100,0;;;;;15,23000;51,31000;1
RUAL;РУСАЛ ао;РУСАЛ ОК МКПАО ао;Акции обыкновенные;RU000A1025V3;1-01-16677-A;1;0,65652;RUB;15193014862;1;0;TQBR;Т+: Акции и ДР - безадрес.;;30.03.2015;1;1;0;0;2022-10-20;;;закрытие реестра;609012000743.27;609012000743.27;"Международная компания публичное акционерное общество ""Объединённая Компания ""РУСАЛ""""";3906394938;10;40,05;40,05;32,04;48,06;29,637;50,463;26,834;53,267;20,0;4295510;26,0;21477550;33,0;8,22000;8,40000;0
RUSI;ИКРУСС-ИНВ;РУСС-ИНВЕСТ ИК ПАО ао;Акции обыкновенные;RU000A0JQ9W5;1-01-00409-A;3;1,0;RUB;109000000;0;0;TQBR;Т+: Акции и ДР - безадрес.;;23.11.2011;0;0;0;0;;;;;6561800000.0;6561800000.0;"Публичное акционерное общество ""ИНВЕСТИЦИОННАЯ КОМПАНИЯ ИК РУСС-ИНВЕСТ""";7704081545;10;60,133;60,133;0,0;120,266;0,0;120,266;0,0;120,266;100,0;;;;;12,34000;22,68000;1
RZSB;РязЭнСб;"""Рязанская энергосб.комп"" ПАО";Акции обыкновенные;RU000A0D9AF5;1-01-50092-A;3;0,05;RUB;206940220;0;0;TQBR;Т+: Акции и ДР - безадрес.;;16.09.2005;0;0;0;0;2023-06-01;;;закрытие реестра (рекомендуемая);7201519655.999999;7201519655.999999;"Публичное акционерное общество ""Рязанская энергетическая сбытовая компания""";6229049014;100;34,6215;34,6215;0,0;69,243;0,0;69,243;0,0;69,243;100,0;;;;;9,07000;11,20000;1
SAGO;СамарЭн-ао;Самараэнерго (ПАО) - ао;Акции обыкновенные;RU0009098255;1-02-00127-A;3;0,25;RUB;3538928532;0;0;TQBR;Т+: Акции и ДР - безадрес.;;21.07.2003;0;0;0;0;;;;;7481294916.648;8588964232.408;"Публичное акционерное общество энергетики и электрификации ""Самараэнерго""";6315222985;1000;2,11165;2,11165;0,0;4,2233;0,0;4,2233;0,0;4,2233;100,0;;;;;9,90000;41,27000;1
SARE;СаратЭн-ао;Саратовэнерго(ПАО)-ао;Акции обыкновенные;RU0009100754;1-02-00132-A;3;0,02;RUB;4865127996;0;0;TQBR;Т+: Акции и ДР - безадрес.;;24.11.2011;0;0;0;0;;;;;931185498.4344;1181465260.0344;"Публичное акционерное общество ""Саратовэнерго""";6450014808;10000;0,191188;0,191188;0,0;0,382376;0,0;0,382376;0,0;0,382376;100,0;;;;;17,44000;42,60000;1
SBER;Сбербанк;Сбербанк России ПАО ао;Акции обыкновенные;RU0009029540;10301481B;1;3,0;RUB;21586948000;1;0;TQBR;Т+: Акции и ДР - безадрес.;;20.07.2007;1;1;0;0;2023-05-11;25.0;0.1042;закрытие реестра;5131217539600.0;5368017539600.0;"Публичное акционерное общество ""Сбербанк России""";7707083893;10;239,726;239,726;172,603;306,849;158,219;321,233;141,438;338,014;28,0;9246210;34,0;46231050;41,0;6,53000;8,36000;0
SELG;Селигдар;"ПАО ""Селигдар""  ао";Акции обыкновенные;RU000A0JPR50;1-01-32694-F;1;1,0;RUB;1030000000;0;0;TQBR;Т+: Акции и ДР - безадрес.;;22.09.2011;0;0;0;0;2022-06-21;;;закрытие реестра;50882000000.0;50882000000.0;"Публичное акционерное общество ""Селигдар""";1402047184;10;49,3627;49,3627;14,8088;83,9166;9,8725;88,8529;2,4681;96,2573;70,0;224115;80,0;1120575;95,0;7,54000;9,45000;1
SFIN;ЭсЭфАй ао;ЭсЭфАй ПАО ао;Акции обыкновенные;RU000A0JVW89;1-02-56453-P;1;0,67;RUB;111637791;0;0;TQBR;Т+: Акции и ДР - безадрес.;;04.12.2015;0;0;0;0;2019-06-08;14.5;0.0292;закрытие реестра;54188983751.399994;54188983751.399994;"Публичное акционерное общество ""ЭсЭфАй""";6164077483;10;484,861;484,861;0,0;969,722;0,0;969,722;0,0;969,722;100,0;;;;;5,16000;6,56000;1
SGZH;Сегежа;Сегежа ао;Акции обыкновенные;RU000A102XG9;1-01-87154-H;1;0,1;RUB;15690000000;0;0;TQBR;Т+: Акции и ДР - безадрес.;;28.04.2021;1;0;0;0;2022-06-02;;;закрытие реестра;82498020000.0;82498020000.0;"Публичное акционерное общество Группа компаний ""Сегежа""";9703024202;100;5,3129;5,3129;3,9847;6,6411;3,6659;6,9599;3,294;7,3318;25,0;2324525;31,0;11622625;38,0;9,26000;7,20000;0
SIBN;Газпрнефть;Газпром нефть ПАО ао;Акции обыкновенные;RU0009062467;1-01-00146-A;3;0,0016;RUB;4741299639;0;0;TQBR;Т+: Акции и ДР - безадрес.;;10.07.2003;1;0;0;0;2022-12-30;;;закрытие реестра;2256858628164.0;2256858628164.0;"Публичное акционерное общество ""Газпром нефть""";5504036333;1;476,442;476,442;381,154;571,73;352,567;600,317;319,216;633,668;20,0;205630;26,0;1028150;33,0;8,56000;5,91000;0
SLEN;Сахэнер ао;"ПАО ""Сахалинэнерго"" ао";Акции обыкновенные;RU0009280465;1-03-00272-A;3;10,0;RUB;1237175444;0;0;TQBR;Т+: Акции и ДР - безадрес.;;06.02.2017;0;0;0;0;;;;;4608478528.900001;4608478528.900001;"Публичное акционерное общество энергетики и электрификации ""Сахалинэнерго""";6500000024;100;3,7209;3,7209;0,0;7,4418;0,0;7,4418;0,0;7,4418;100,0;;;;;9,52000;11,91000;1
SMLT;Самолет ао;ГК Самолет ао;Акции обыкновенные;RU000A0ZZG02;1-01-16493-A;1;25,0;RUB;61579358;0;0;TQBR;Т+: Акции и ДР - безадрес.;;29.10.2020;1;0;0;0;2022-10-12;;;закрытие реестра;153055494309.0;153055494309.0;"публичное акционерное общество ""Группа компаний ""Самолет""";9731004688;1;2485,24;2485,24;1242,62;3727,86;621,31;4349,17;124,26;4846,22;50,0;17782;75,0;88912;95,0;10,22000;8,19000;0
SNGS;Сургнфгз;Сургутнефтегаз ПАО акции об.;Акции обыкновенные;RU0008926258;1-01-00155-A;2;1,0;RUB;35725994705;1;0;TQBR;Т+: Акции и ДР - безадрес.;;11.01.2005;1;1;0;0;2022-07-20;0.8;0.0321;закрытие реестра;832415676626.5;1088930727843.175;"Публичное акционерное общество ""Сургутнефтегаз""";8602060555;100;23,3742;23,3742;17,5307;29,2178;16,1282;30,6202;14,492;32,2564;25,0;7118828;31,0;35594140;38,0;9,57000;8,78000;0
SPBE;СПБ Биржа;СПБ Биржа ао;Акции обыкновенные;RU000A0JQ9P9;1-01-55439-E;3;3,75;RUB;132843907;0;0;TQBR;Т+: Акции и ДР - безадрес.;;19.11.2021;1;0;0;0;;;;;19621045063.899998;19621045063.899998;"Публичное акционерное общество ""СПБ Биржа""";7801268965;1;148,28;148,28;0,0;296,56;0,0;296,56;0,0;296,56;100,0;;;;;19,19000;44,08000;1
STSB;СтаврЭнСб;Ставрополэнергосбыт ПАО ао;Акции обыкновенные;RU000A0ET1W4;1-01-50119-A;3;0,0048;RUB;859074636;0;0;TQBR;Т+: Акции и ДР - безадрес.;;28.03.2008;0;0;0;0;2022-07-04;;;закрытие реестра;1126246847.796;1511403332.694;"Публичное акционерное общество ""Ставропольэнергосбыт""";2626033550;1000;1,29656;1,29656;0,0;2,59312;0,0;2,59312;0,0;2,59312;100,0;;;;;10,99000;23,68000;1
SVAV;СОЛЛЕРС;"ПАО ""СОЛЛЕРС""";Акции обыкновенные;RU0006914488;1-01-02461-D;2;12,5;RUB;34270159;0;0;TQBR;Т+: Акции и ДР - безадрес.;;22.04.2005;0;0;0;0;2023-07-10;;;закрытие реестра (рекомендуемая);14633357893.0;14633357893.0;"Публичное акционерное общество ""СОЛЛЕРС""";3528079131;10;428,524;428,524;214,262;642,786;107,131;749,917;21,426;835,622;50,0;41408;75,0;207040;95,0;8,67000;39,50000;1
SVET;Светофор;Светофор Групп ао;Акции обыкновенные;RU000A100592;1-01-24350-J;3;1,0;RUB;22333500;0;0;TQBR;Т+: Акции и ДР - безадрес.;;15.01.2021;0;0;0;0;2021-06-28;;;закрытие реестра;645438150.0;645438150.0;"Публичное акционерное общество ""Светофор Групп""";7814693830;1;28,87;28,87;0,0;57,74;0,0;57,74;0,0;57,74;100,0;;;;;13,25000;25,39000;1
TASB;ТамбЭнСб;"ао""Тамбов.энергсбыт.комп.""ПАО";Акции обыкновенные;RU000A0D8NG8;1-01-65100-D;3;0,02;RUB;1525986880;0;0;TQBR;Т+: Акции и ДР - безадрес.;;08.08.2005;0;0;0;0;;;;;1451976516.32;1591471825.12;"Публичное акционерное общество ""Тамбовская энергосбытовая компания""";6829010210;1000;0,950444;0,950444;0,0;1,900888;0,0;1,900888;0,0;1,900888;100,0;;;;;15,21000;46,07000;1
TATN;Татнфт 3ао;"ПАО ""Татнефть"" ао";Акции обыкновенные;RU0009033591;1-03-00161-A;1;1,0;RUB;2178690700;1;0;TQBR;Т+: Акции и ДР - безадрес.;;11.01.2005;1;1;0;0;2023-07-04;27.71;0.0719;закрытие реестра (рекомендуемая);834438538100.0;891303064850.0;"публичное акционерное общество ""Татнефть"" имени В.Д. Шашина";1644003838;1;383,84;383,84;307,07;460,61;284,04;483,64;257,17;510,51;20,0;889997;26,0;4449985;33,0;8,17000;6,71000;0
TGKA;ТГК-1;"ао ПАО ""ТГК-1""";Акции обыкновенные;RU000A0JNUD0;1-01-03388-D;1;0,01;RUB;3854341416571;0;0;TQBR;Т+: Акции и ДР - безадрес.;;26.03.2007;0;0;0;0;2021-07-05;;;закрытие реестра;34488646995.4773;34488646995.4773;"Публичное акционерное общество ""Территориальная генерирующая компания №1""";7841312071;100000;0,0089361;0,0089361;0,0059872;0,011885;0,0044681;0,0134042;0,002234;0,0156382;33,0;833333333;50,0;4166666665;75,0;7,76000;10,07000;0
TGKB;ТГК-2;"ао ПАО ""ТГК-2""";Акции обыкновенные;RU000A0JNGS7;1-01-10420-A;3;0,01;RUB;1458404850747;0;0;TQBR;Т+: Акции и ДР - безадрес.;;20.10.2006;0;0;0;0;;;;;6825334701.49596;6983904830.17037;"Публичное акционерное общество ""Территориальная генерирующая компания №2""";7606053324;1000000;0,00464983;0,00464983;0,00232492;0,00697475;0,00116246;0,0081372;0,00023249;0,00906717;50,0;2421307506;75,0;12106537530;95,0;9,16000;17,44000;1
TGKN;ТГК-14;"ао ПАО ""ТГК-14""";Акции обыкновенные;RU000A0H1ES3;1-01-22451-F;2;0,001;RUB;1357945609114;0;0;TQBR;Т+: Акции и ДР - безадрес.;;25.01.2007;0;0;0;0;;;;;7047737711.301661;7047737711.301661;"Публичное акционерное общество ""Территориальная генерирующая компания № 14""";7534018889;1000000;0,00518424;0,00518424;0,0;0,01036848;0,0;0,01036848;0,0;0,01036848;100,0;;;;;5,83000;16,72000;1
TNSE;ТНСэнрг ао;"ПАО ГК ""ТНС энерго"" ао";Акции обыкновенные;RU000A0JUCQ5;1-01-15521-A;3;1,0;RUB;13668239;0;0;TQBR;Т+: Акции и ДР - безадрес.;;17.06.2015;0;0;0;0;2016-07-13;;;закрытие реестра;12438097490.0;12438097490.0;"Публичное акционерное общество Группа компаний ""ТНС энерго""";7705541227;1;908,99;908,99;0,0;1817,98;0,0;1817,98;0,0;1817,98;100,0;;;;;8,93000;16,28000;1
TORS;ТРК ао;"ао ""Томская распределит.комп.""";Акции обыкновенные;RU000A0ETZF2;1-01-50128-A;3;0,4916;RUB;3819315580;0;0;TQBR;Т+: Акции и ДР - безадрес.;;28.12.2005;0;0;0;0;2022-12-17;;;закрытие реестра;1947850945.8;2145944991.3;"Публичное акционерное общество ""Томская распределительная компания""";7017114672;10000;0,509434;0,509434;0,0;1,018868;0,0;1,018868;0,0;1,018868;100,0;;;;;14,95000;36,75000;1
TRMK;ТМК ао;ПАО ТМК;Акции обыкновенные;RU000A0B6NK6;1-01-29031-H;2;10,0;RUB;1033135366;0;0;TQBR;Т+: Акции и ДР - безадрес.;;10.04.2007;0;0;0;0;2023-01-31;6.78;0.0811;закрытие реестра;102321726648.64;102321726648.64;"Публичное акционерное общество ""Трубная Металлургическая Компания""";7710373095;10;98,972;98,972;29,692;168,252;19,794;178,15;4,949;192,995;70,0;100406;80,0;502030;95,0;13,45000;12,95000;0
TTLK;Таттел. ао;"""Таттелеком"" ПАО ао";Акции обыкновенные;RU000A0HM5C1;1-02-50049-A;3;0,1;RUB;20843976400;0;0;TQBR;Т+: Акции и ДР - безадрес.;;21.03.2007;0;0;0;0;2023-04-18;;;закрытие реестра;14205169916.6;14205169916.6;"Публичное акционерное общество ""Таттелеком""";1681000024;1000;0,68074;0,68074;0,34037;1,02111;0,17019;1,1913;0,03404;1,32744;50,0;18254837;75,0;91274185;95,0;9,93000;12,43000;1
TUZA;ТЗА ао;Туймаз. завод автобетоновозов;Акции обыкновенные;RU000A0HL7A2;1-01-30455-D;3;10,0;RUB;8220000;0;0;TQBR;Т+: Акции и ДР - безадрес.;;28.08.2008;0;0;0;0;;;;;1463160000.0;1463160000.0;"Публичное акционерное общество ""Туймазинский завод автобетоновозов""";0269008334;10;176,804;176,804;0,0;353,608;0,0;353,608;0,0;353,608;100,0;;;;;9,51000;23,76000;1
UCSS;ОКС ао;ПАО ОКС ао;Акции обыкновенные;RU000A0JTQK0;1-01-15296-A;3;1000,0;RUB;23718856;0;0;TQBR;Т+: Акции и ДР - безадрес.;;14.05.2013;0;0;0;0;2018-07-12;;;закрытие реестра;21939941800.0;21939941800.0;"Публичное акционерное общество ""Объединенные Кредитные Системы""";7708776756;1;923,97;923,97;0,0;1847,94;0,0;1847,94;0,0;1847,94;100,0;;;;;8,59000;9,08000;1
UKUZ;ЮжКузб. ао;Южный Кузбасс ПАО ао;Акции обыкновенные;RU0005294775;1-02-10591-F;3;0,04;RUB;36149002;0;0;TQBR;Т+: Акции и ДР - безадрес.;;28.08.2008;0;0;0;0;2013-05-06;;;закрытие реестра;52922138928.0;52922138928.0;"Публичное акционерное общество ""Угольная компания ""Южный Кузбасс""";4214000608;1;1448,39;1448,39;0,0;2896,78;0,0;2896,78;0,0;2896,78;100,0;;;;;10,32000;14,08000;1
UNAC;iАвиастКао;Об.авиастр.корп. ПАО ао;Акции обыкновенные;RU000A0JPLZ7;1-02-55306-E;3;0,27;RUB;532939780119;0;0;TQBR;Т+: Акции и ДР - безадрес.;R;17.09.2013;0;0;0;0;2015-07-11;;;закрытие реестра;358135532239.968;358135532239.968;"Публичное акционерное общество ""Объединенная авиастроительная корпорация""";7708619320;1000;0,67175;0,67175;0,33588;1,00763;0,16794;1,17556;0,03359;1,30991;50,0;17361111;75,0;86805555;95,0;9,05000;9,57000;1
UNKL;ЮУНК ао;Южно-Уральский никел. комб. ао;Акции обыкновенные;RU0004887991;1-01-00197-A;3;1,0;RUB;599737;0;0;TQBR;Т+: Акции и ДР - безадрес.;;20.04.2012;0;0;0;0;;;;;5901412080.0;5901412080.0;"Публичное акционерное общество ""Южно-Уральский никелевый комбинат""";5613000143;1;9869,04;9869,04;0,0;19738,08;0,0;19738,08;0,0;19738,08;100,0;;;;;12,35000;39,30000;1
UPRO;Юнипро ао;Юнипро ПАО ао;Акции обыкновенные;RU000A0JNGA5;1-02-65104-D;1;0,4;RUB;63048706145;0;0;TQBR;Т+: Акции и ДР - безадрес.;;24.05.2007;1;0;0;0;2021-12-17;0.190329044536;0.0726;закрытие реестра;112352794350.39;112352794350.39;"Публичное акционерное общество ""Юнипро""";8602067092;1000;1,78602;1,78602;1,19663;2,37541;1,08947;2,48257;0,96445;2,60759;33,0;9113094;39,0;45565470;46,0;10,64000;8,89000;0
URKZ;УрКузница;"ПАО ""Уральская кузница"" ао";Акции обыкновенные;RU000A0JPFY2;1-01-32341-D;3;1,0;RUB;547761;0;0;TQBR;Т+: Акции и ДР - безадрес.;;11.05.2012;0;0;0;0;;;;;12625891050.0;12625891050.0;"Публичное акционерное общество ""Уральская кузница""";7420000133;1;22974,48;22974,48;0,0;45948,96;0,0;45948,96;0,0;45948,96;100,0;;;;;9,79000;15,77000;1
USBN;УралСиб ао;БАНК УРАЛСИБ ПАО ао;Акции обыкновенные;RU0006929536;10200030B;3;0,1;RUB;360134697357;0;0;TQBR;Т+: Акции и ДР - безадрес.;;14.12.2011;0;0;0;0;2013-04-15;;;закрытие реестра;40082991815.8341;40082991815.8341;"Публичное акционерное общество ""БАНК УРАЛСИБ""";0274062111;10000;0,111176;0,111176;0,0;0,222352;0,0;0,222352;0,0;0,222352;100,0;;;;;9,38000;13,09000;1
UTAR;ЮТэйр ао;"Авиакомания ""ЮТэйр"" (ПАО) ао";Акции обыкновенные;RU0007661385;1-01-00077-F;3;1,0;RUB;7896123268;0;0;TQBR;Т+: Акции и ДР - безадрес.;;11.01.2005;0;0;0;0;2013-05-13;;;закрытие реестра;62537296282.56;62537296282.56;"Публичное акционерное общество ""Авиакомпания ""ЮТэйр""";7204002873;100;7,9112;7,9112;0,0;15,8224;0,0;15,8224;0,0;15,8224;100,0;;;;;6,85000;7,26000;1
VGSB;ВолгЭнСб;"""Волгоград.энергосбыткомп"" ПАО";Акции обыкновенные;RU000A0D8L73;1-01-65103-D;3;0,12;RUB;319595965;0;0;TQBR;Т+: Акции и ДР - безадрес.;;16.09.2005;0;0;0;0;;;;;1815305081.1999998;2142936556.58;"Публичное акционерное общество ""Волгоградэнергосбыт""";3445071523;1000;5,6737;5,6737;0,0;11,3474;0,0;11,3474;0,0;11,3474;100,0;;;;;18,14000;34,60000;1
VJGZ;Варьеган;ННК-Варьеганнефтегаз ПАО ао;Акции обыкновенные;RU0009046460;1-01-00017-A;3;0,1;RUB;18091110;0;0;TQBR;Т+: Акции и ДР - безадрес.;;14.12.2011;0;0;0;0;;;;;31406166960.0;35765507010.0;"Публичное акционерное общество ""ННК-Варьеганнефтегаз""";8609000160;1;1731,08;1731,08;0,0;3462,16;0,0;3462,16;0,0;3462,16;100,0;;;;;13,99000;21,50000;1
VLHZ;ВХЗ-ао;Владимирский химич.з-д(ПАО) ао;Акции обыкновенные;RU0007984761;1-02-04847-A;3;20,0;RUB;5005605;0;0;TQBR;Т+: Акции и ДР - безадрес.;;12.07.2006;0;0;0;0;2017-06-08;;;закрытие реестра;680011439.25;680011439.25;"Публичное акционерное общество ""Владимирский химический завод""";3302000669;10;135,2;135,2;0,0;270,4;0,0;270,4;0,0;270,4;100,0;;;;;14,12000;23,48000;1
VRSB;ТНСэнВорон;ТНС энерго Воронеж ПАО ао;Акции обыкновенные;RU000A0DPG67;1-01-55029-E;3;0,4;RUB;56151024;0;0;TQBR;Т+: Акции и ДР - безадрес.;;14.10.2005;0;0;0;0;2022-07-14;;;закрытие реестра;19091348160.0;20948042617.6;"Публичное акционерное общество ""ТНС энерго Воронеж""";3663050467;10;339,623;339,623;0,0;679,246;0,0;679,246;0,0;679,246;100,0;;;;;18,00000;25,22000;1
VSMO;ВСМПО-АВСМ;Корп. ВСМПО-АВИСМА (ПАО) ао;Акции обыкновенные;RU0009100291;1-01-30202-D;2;1,0;RUB;11529538;0;0;TQBR;Т+: Акции и ДР - безадрес.;;11.11.2004;0;0;0;0;2023-06-05;;;закрытие реестра (рекомендуемая);584547576600.0;584547576600.0;"публичное акционерное общество ""Корпорация ВСМПО-АВИСМА""";6607000556;1;50650,39;50650,39;30390,23;70910,55;21779,67;79521,11;9117,07;92183,71;40,0;268;57,0;1340;82,0;14,33000;31,07000;0
VSYD;ВыбСудЗ ао;Выборгский Суд.Завод ПАО ао;Акции обыкновенные;RU0006334372;1-01-02203-D;3;0,5;RUB;1891250;0;0;TQBR;Т+: Акции и ДР - безадрес.;;25.09.2012;0;0;0;0;;;;;11763575000.0;12094307820.0;"Публичное акционерное общество ""Выборгский судостроительный завод""";4704012874;1;6213,1;6213,1;0,0;12426,2;0,0;12426,2;0,0;12426,2;100,0;;;;;8,73000;18,01000;1
VTBR;ВТБ ао;ао ПАО Банк ВТБ;Акции обыкновенные;RU000A0JP5V6;10401000B;1;0,01;RUB;12960541337338;1;0;TQBR;Т+: Акции и ДР - безадрес.;;28.05.2007;1;1;0;0;2021-07-15;1.73965919370917e-05;0.0004;закрытие реестра;272949000564.33826;272949000564.33826;Банк ВТБ (публичное акционерное общество);7702070139;10000;0,021178;0,021178;0,016942;0,025414;0,015672;0,026684;0,014189;0,028167;20,0;9020485980;26,0;45102429900;33,0;8,12000;14,29000;0
WTCM;ЦМТ ао;"""Центр междун. торговли""ПАО ао";Акции обыкновенные;RU0008137070;1-01-01837-A;3;1,0;RUB;1083000000;0;0;TQBR;Т+: Акции и ДР - безадрес.;;27.09.2007;0;0;0;0;2023-05-10;;;закрытие реестра;11436480000.0;12771360000.0;"Публичное акционерное общество ""Центр международной торговли""";7703034574;100;10,5483;10,5483;0,0;21,0966;0,0;21,0966;0,0;21,0966;100,0;;;;;11,67000;11,36000;1
WUSH;iВУШХолднг;ВУШ Холдинг ао;Акции обыкновенные;RU000A105EX7;1-01-03292-G;1;0,01;RUB;111382432;0;0;TQBR;Т+: Акции и ДР - безадрес.;R;14.12.2022;0;0;0;0;;;;;24083109447.04;24083109447.04;"Публичное акционерное общество ""ВУШ Холдинг""";9703103060;1;216,05;216,05;0,0;432,1;0,0;432,1;0,0;432,1;100,0;;;;;31,15000;56,49000;1
YAKG;ЯТЭК ао;Якутская топл.-энерг. комп. ао;Акции обыкновенные;RU0007796819;1-01-20510-F;3;1,0;RUB;826919375;0;0;TQBR;Т+: Акции и ДР - безадрес.;;09.12.2011;0;0;0;0;2021-04-26;;;закрытие реестра;96501491062.5;96501491062.5;"Публичное акционерное общество ""Якутская топливно-энергетическая компания""";1435032049;10;116,57;116,57;0,0;233,14;0,0;233,14;0,0;233,14;100,0;;;;;6,16000;10,19000;1
YKEN;Якутскэнрг;"АК ""Якутскэнерго"" (ПАО) ао";Акции обыкновенные;RU0009257075;1-01-00304-A;3;2,22;RUB;7963562986;0;0;TQBR;Т+: Акции и ДР - безадрес.;;02.12.2004;0;0;0;0;;;;;2667793600.31;3118890590.1225;"Публичное акционерное общество ""Якутскэнерго""";1435028701;10000;0,335128;0,335128;0,0;0,670256;0,0;0,670256;0,0;0,670256;100,0;;;;;10,54000;12,19000;1
YRSB;ТНСэнЯр;ТНС энерго Ярославль ПАО ао;Акции обыкновенные;RU000A0D8760;1-01-50099-A;3;1,0;RUB;17143584;0;0;TQBR;Т+: Акции и ДР - безадрес.;;29.08.2005;0;0;0;0;2016-06-29;;;закрытие реестра;5554521216.0;6135965496.0;"Публичное акционерное общество ""ТНС энерго Ярославль""";7606052264;10;321,643;321,643;0,0;643,286;0,0;643,286;0,0;643,286;100,0;;;;;16,04000;47,61000;1
ZILL;ЗИЛ ао;Завод им. И.А.Лихачева ПАО ао;Акции обыкновенные;RU0009086193;1-02-00036-A;3;1000,0;RUB;2659962;0;0;TQBR;Т+: Акции и ДР - безадрес.;;09.12.2011;0;0;0;0;;;;;9682261680.0;9682261680.0;"Публичное акционерное общество ""Завод имени И.А. Лихачева""";7725043886;1;3635,96;3635,96;0,0;7271,92;0,0;7271,92;0,0;7271,92;100,0;;;;;8,18000;13,59000;1
ZVEZ;ЗВЕЗДА ао;ЗВЕЗДА ПАО ао;Акции обыкновенные;RU0009091300;1-01-00169-D;3;0,1;RUB;562020480;0;0;TQBR;Т+: Акции и ДР - безадрес.;;16.12.2011;0;0;0;0;2014-07-07;;;закрытие реестра;2888785267.2;2888785267.2;"Публичное акционерное общество ""ЗВЕЗДА""";7811038760;1000;5,1343;5,1343;0,0;10,2686;0,0;10,2686;0,0;10,2686;100,0;;;;;10,21000;15,18000;1


